"DataExtractDate","ReportPeriod","Arrival_Departure","Domestic_International","CargoType","AirCargoTons"
"2021 Apr 09 10:34:29 AM","Sep 2020","Arrival","International","Freight","86,595"
"2021 Apr 09 10:34:29 AM","Feb 2021","Arrival","International","Freight","78,931"
"2021 Apr 09 10:34:29 AM","Aug 2020","Arrival","International","Freight","81,369"
"2021 Apr 09 10:34:29 AM","Jan 2021","Arrival","International","Freight","82,958"
"2021 Apr 09 10:34:29 AM","Nov 2020","Arrival","International","Freight","96,096"
"2021 May 27 03:16:34 PM","Apr 2021","Arrival","International","Mail","921"
"2021 May 27 03:16:34 PM","Apr 2021","Arrival","Domestic","Mail","3,197"
"2021 May 03 03:08:02 PM","Mar 2021","Arrival","International","Freight","100,358"
"2021 May 27 03:16:34 PM","Apr 2021","Departure","Domestic","Freight","40,285"
"2021 Apr 10 06:01:03 AM","Mar 2021","Departure","Domestic","Freight","43,444"
"2021 Jun 09 09:21:54 AM","Apr 2021","Arrival","International","Freight","97,048"
"2021 May 03 03:08:02 PM","Mar 2021","Departure","International","Freight","66,254"
"2021 Jun 09 09:21:54 AM","Apr 2021","Departure","International","Freight","60,458"
"2021 May 03 03:08:02 PM","Mar 2021","Arrival","International","Mail","913"
"2021 May 27 03:16:34 PM","Apr 2021","Arrival","Domestic","Freight","43,368"
"2021 May 27 03:16:34 PM","Apr 2021","Departure","International","Mail","412"
"2021 May 27 03:16:34 PM","Apr 2021","Departure","Domestic","Mail","5,468"
"2021 May 03 03:08:02 PM","Mar 2021","Departure","International","Mail","403"
"2021 May 03 03:08:02 PM","Mar 2021","Departure","Domestic","Mail","5,677"
"2021 Apr 10 06:01:03 AM","Mar 2021","Arrival","Domestic","Freight","44,001"
"2021 May 03 03:08:02 PM","Mar 2021","Arrival","Domestic","Mail","3,578"
"2022 Jun 01 12:00:23 AM","Apr 2022","Departure","Domestic","Freight","36,156"
"2021 Dec 01 12:00:21 AM","Oct 2021","Arrival","Domestic","Mail","5,637"
"2021 Dec 01 12:00:21 AM","Oct 2021","Departure","Domestic","Mail","4,929"
"2021 Jun 29 10:06:21 AM","May 2021","Arrival","Domestic","Mail","3,664"
"2021 Jun 29 10:06:21 AM","May 2021","Departure","Domestic","Freight","40,988"
"2021 Jun 29 10:06:21 AM","May 2021","Arrival","Domestic","Freight","45,657"
"2021 Nov 10 06:01:08 AM","Sep 2021","Departure","International","Freight","56,453"
"2021 Jun 29 10:06:21 AM","May 2021","Departure","Domestic","Mail","5,231"
"2021 Aug 01 12:00:23 AM","May 2021","Departure","International","Mail","445"
"2021 Aug 01 12:00:23 AM","Jun 2021","Arrival","International","Freight","93,511"
"2021 Aug 01 12:00:23 AM","May 2021","Arrival","International","Freight","99,065"
"2021 Aug 01 12:00:23 AM","May 2021","Departure","International","Freight","64,024"
"2021 Aug 01 12:00:23 AM","Jun 2021","Arrival","Domestic","Freight","45,132"
"2021 Aug 01 12:00:23 AM","Jun 2021","Departure","International","Freight","60,486"
"2021 Aug 01 12:00:23 AM","Jun 2021","Arrival","International","Mail","863"
"2021 Aug 01 12:00:23 AM","Jun 2021","Departure","International","Mail","397"
"2021 Aug 01 12:00:23 AM","Jun 2021","Departure","Domestic","Mail","4,563"
"2021 Aug 01 12:00:23 AM","Jun 2021","Departure","Domestic","Freight","39,269"
"2021 Aug 01 12:00:23 AM","Jun 2021","Arrival","Domestic","Mail","2,604"
"2021 Aug 01 12:00:23 AM","May 2021","Arrival","International","Mail","892"
"2021 Aug 30 11:09:52 AM","Jul 2021","Arrival","International","Mail","811"
"2021 Aug 30 11:09:52 AM","Jul 2021","Departure","International","Mail","737"
"2021 Aug 30 11:09:52 AM","Jul 2021","Departure","Domestic","Freight","39,746"
"2021 Aug 30 11:09:52 AM","Jul 2021","Arrival","Domestic","Mail","3,359"
"2021 Aug 30 11:09:52 AM","Jul 2021","Departure","International","Freight","61,597"
"2021 Aug 30 11:09:52 AM","Jul 2021","Arrival","Domestic","Freight","46,463"
"2021 Aug 30 11:09:52 AM","Jul 2021","Departure","Domestic","Mail","6,811"
"2021 Aug 30 11:09:52 AM","Jul 2021","Arrival","International","Freight","92,346"
"2021 Sep 29 09:09:13 AM","Aug 2021","Arrival","Domestic","Mail","2,865"
"2021 Sep 29 09:09:13 AM","Aug 2021","Departure","International","Freight","59,817"
"2021 Sep 29 09:09:13 AM","Aug 2021","Departure","Domestic","Freight","40,216"
"2021 Sep 29 09:09:13 AM","Aug 2021","Arrival","International","Mail","774"
"2021 Sep 29 09:09:13 AM","Aug 2021","Departure","Domestic","Mail","5,289"
"2021 Sep 29 09:09:13 AM","Aug 2021","Arrival","Domestic","Freight","44,227"
"2021 Sep 29 09:09:13 AM","Aug 2021","Arrival","International","Freight","92,355"
"2021 Sep 29 09:09:13 AM","Aug 2021","Departure","International","Mail","361"
"2021 Nov 01 12:00:16 AM","Sep 2021","Arrival","International","Freight","95,079"
"2021 Nov 01 12:00:16 AM","Sep 2021","Arrival","International","Mail","643"
"2022 Mar 01 12:00:19 AM","Jan 2022","Arrival","Domestic","Mail","3,216"
"2021 Nov 01 12:00:16 AM","Sep 2021","Departure","Domestic","Mail","5,670"
"2022 Jun 01 12:00:23 AM","Apr 2022","Departure","Domestic","Mail","5,713"
"2023 Apr 01 12:01:02 AM","Feb 2023","Arrival","Domestic","Freight","26,777"
"2021 Nov 01 12:00:16 AM","Sep 2021","Arrival","Domestic","Mail","3,302"
"2021 Nov 01 12:00:16 AM","Sep 2021","Departure","International","Mail","332"
"2021 Dec 01 12:00:21 AM","Oct 2021","Arrival","International","Mail","695"
"2021 Dec 01 12:00:21 AM","Oct 2021","Departure","International","Mail","1,182"
"2022 Jun 01 12:00:23 AM","Apr 2022","Arrival","Domestic","Freight","39,375"
"2022 Jun 01 12:00:23 AM","Apr 2022","Arrival","Domestic","Mail","3,424"
"2022 Jun 01 12:00:23 AM","Apr 2022","Arrival","International","Mail","693"
"2022 Jun 01 12:00:23 AM","Apr 2022","Departure","International","Mail","356"
"2022 Jan 01 12:00:11 AM","Nov 2021","Departure","Domestic","Mail","5,814"
"2022 Jan 01 12:00:11 AM","Nov 2021","Departure","International","Mail","517"
"2022 Jan 01 12:00:11 AM","Nov 2021","Arrival","International","Mail","720"
"2022 Jan 01 12:00:11 AM","Nov 2021","Arrival","Domestic","Mail","3,340"
"2022 Mar 01 12:00:19 AM","Jan 2022","Departure","Domestic","Mail","5,151"
"2023 Apr 01 12:01:02 AM","Feb 2023","Arrival","International","Freight","73,346"
"2022 Mar 01 12:00:19 AM","Jan 2022","Departure","International","Mail","611"
"2023 Apr 01 12:01:02 AM","Feb 2023","Arrival","International","Mail","648"
"2023 Apr 01 12:01:02 AM","Feb 2023","Departure","Domestic","Freight","29,992"
"2022 Mar 01 12:00:19 AM","Jan 2022","Arrival","International","Mail","783"
"2023 Apr 01 12:01:02 AM","Feb 2023","Departure","Domestic","Mail","4,622"
"2022 Aug 30 11:02:17 AM","Jun 2022","Departure","International","Mail","544"
"2023 Apr 01 12:01:02 AM","Feb 2023","Departure","International","Freight","46,484"
"2023 Apr 01 12:01:02 AM","Feb 2023","Departure","International","Mail","330"
"2022 Aug 30 11:02:17 AM","Jul 2022","Arrival","Domestic","Mail","3,374"
"2022 Aug 30 11:02:17 AM","Jul 2022","Arrival","International","Mail","719"
"2022 Aug 30 11:02:17 AM","Jul 2022","Departure","Domestic","Freight","32,282"
"2022 Aug 30 11:02:17 AM","Jul 2022","Arrival","Domestic","Freight","36,637"
"2023 Apr 01 12:01:02 AM","Feb 2023","Arrival","Domestic","Mail","2,575"
"2022 Aug 30 11:02:17 AM","Jul 2022","Departure","International","Mail","431"
"2023 Oct 01 12:00:24 AM","Aug 2023","Arrival","International","Freight","79,668"
"2023 Jul 01 12:00:21 AM","May 2023","Arrival","Domestic","Mail","1,850"
"2022 Aug 30 11:02:17 AM","Jun 2022","Arrival","International","Mail","640"
"2023 Jul 01 12:00:21 AM","May 2023","Departure","Domestic","Mail","3,504"
"2023 Jul 01 12:00:21 AM","May 2023","Departure","International","Mail","476"
"2022 Aug 30 11:02:17 AM","Jul 2022","Departure","Domestic","Mail","5,309"
"2022 Oct 01 12:00:21 AM","Aug 2022","Departure","Domestic","Mail","5,243"
"2022 Oct 01 12:00:21 AM","Aug 2022","Departure","Domestic","Freight","32,666"
"2022 Oct 01 12:00:21 AM","Aug 2022","Arrival","International","Mail","666"
"2022 Oct 01 12:00:21 AM","Aug 2022","Arrival","Domestic","Freight","33,937"
"2023 Jun 10 06:01:11 AM","Apr 2023","Arrival","Domestic","Freight","31,482"
"2022 Oct 01 12:00:21 AM","Aug 2022","Arrival","Domestic","Mail","3,072"
"2022 Oct 01 12:00:21 AM","Aug 2022","Departure","International","Mail","435"
"2023 Jul 01 12:00:21 AM","May 2023","Arrival","International","Mail","796"
"2023 Jun 10 06:01:11 AM","Apr 2023","Departure","Domestic","Mail","3,406"
"2022 Nov 01 12:00:21 AM","Sep 2022","Arrival","Domestic","Mail","3,064"
"2022 Nov 01 12:00:21 AM","Sep 2022","Departure","International","Mail","422"
"2022 Nov 01 12:00:21 AM","Sep 2022","Arrival","Domestic","Freight","34,771"
"2022 Nov 01 12:00:21 AM","Sep 2022","Arrival","International","Mail","794"
"2022 Nov 01 12:00:21 AM","Sep 2022","Departure","Domestic","Freight","31,846"
"2023 Oct 01 12:00:24 AM","Aug 2023","Departure","Domestic","Mail","3,196"
"2022 Nov 01 12:00:21 AM","Sep 2022","Departure","Domestic","Mail","5,374"
"2022 Dec 01 12:00:35 AM","Oct 2022","Departure","International","Mail","478"
"2023 Jul 01 12:00:21 AM","May 2023","Departure","Domestic","Freight","32,106"
"2023 Jul 01 12:00:21 AM","May 2023","Arrival","Domestic","Freight","32,555"
"2022 Dec 01 12:00:35 AM","Oct 2022","Arrival","Domestic","Mail","3,169"
"2023 Jul 10 06:01:08 AM","May 2023","Departure","International","Freight","42,450"
"2022 Dec 01 12:00:35 AM","Oct 2022","Departure","Domestic","Mail","5,093"
"2023 Aug 01 12:00:18 AM","Jun 2023","Departure","Domestic","Freight","35,157"
"2022 Dec 01 12:00:35 AM","Oct 2022","Arrival","International","Mail","729"
"2023 Jan 01 12:00:28 AM","Nov 2022","Arrival","International","Mail","803"
"2023 Jul 10 06:01:08 AM","May 2023","Arrival","International","Freight","76,742"
"2023 Jan 01 12:00:28 AM","Nov 2022","Departure","International","Mail","452"
"2023 Aug 01 12:00:18 AM","Jun 2023","Arrival","International","Freight","75,193"
"2023 Jan 01 12:00:28 AM","Nov 2022","Arrival","Domestic","Mail","3,004"
"2023 Jan 01 12:00:28 AM","Nov 2022","Arrival","International","Freight","88,471"
"2023 Jan 01 12:00:28 AM","Nov 2022","Departure","Domestic","Mail","5,555"
"2023 Aug 01 12:00:18 AM","Jun 2023","Departure","International","Freight","47,687"
"2023 Aug 01 12:00:18 AM","Jun 2023","Arrival","Domestic","Mail","1,566"
"2023 Jan 01 12:00:28 AM","Nov 2022","Departure","Domestic","Freight","33,448"
"2023 Jan 01 12:00:28 AM","Nov 2022","Arrival","Domestic","Freight","36,231"
"2023 Jan 01 12:00:28 AM","Nov 2022","Departure","International","Freight","49,283"
"2023 Feb 01 12:00:35 AM","May 2022","Arrival","International","Freight","97,917"
"2023 Feb 01 12:00:35 AM","Dec 2022","Arrival","International","Mail","915"
"2023 Feb 01 12:00:35 AM","Dec 2022","Arrival","Domestic","Mail","3,961"
"2023 Feb 01 12:00:35 AM","Jan 2022","Departure","International","Freight","53,683"
"2023 Feb 01 12:00:35 AM","Sep 2022","Arrival","International","Freight","88,610"
"2023 Feb 01 12:00:35 AM","Dec 2022","Departure","Domestic","Mail","8,309"
"2023 Feb 01 12:00:35 AM","Sep 2022","Departure","International","Freight","52,245"
"2023 Feb 01 12:00:35 AM","Aug 2022","Arrival","International","Freight","89,902"
"2023 Feb 01 12:00:35 AM","Jul 2022","Departure","International","Freight","58,320"
"2023 Feb 01 12:00:35 AM","Oct 2022","Arrival","International","Freight","92,967"
"2023 Feb 01 12:00:35 AM","Mar 2022","Departure","International","Freight","61,571"
"2023 Aug 01 12:00:18 AM","Jun 2023","Departure","Domestic","Mail","3,428"
"2022 Jan 31 03:01:29 PM","Dec 2021","Departure","Domestic","Mail","7,834"
"2022 Jan 31 03:01:29 PM","Dec 2021","Departure","International","Mail","614"
"2022 Jan 31 03:01:29 PM","Nov 2021","Arrival","International","Freight","105,462"
"2022 Jan 31 03:01:29 PM","Dec 2021","Departure","International","Freight","56,572"
"2022 Jan 31 03:01:29 PM","Dec 2021","Arrival","International","Mail","891"
"2022 Jan 31 03:01:29 PM","Dec 2021","Arrival","Domestic","Mail","4,564"
"2022 Jan 10 06:01:08 AM","Oct 2021","Departure","International","Freight","61,305"
"2022 Jan 31 03:01:29 PM","Dec 2021","Arrival","International","Freight","102,227"
"2023 Feb 01 12:00:35 AM","Jun 2022","Departure","International","Freight","59,223"
"2022 Jan 10 06:01:08 AM","Oct 2021","Arrival","International","Freight","104,723"
"2022 Jan 31 03:01:29 PM","Nov 2021","Departure","International","Freight","54,102"
"2023 Feb 01 12:00:35 AM","Jul 2022","Arrival","International","Freight","90,221"
"2023 Feb 01 12:00:35 AM","Dec 2022","Arrival","Domestic","Freight","35,371"
"2022 Apr 01 12:00:18 AM","Feb 2022","Arrival","International","Mail","688"
"2022 Apr 01 12:00:18 AM","Feb 2022","Departure","International","Mail","604"
"2022 Jul 01 12:00:22 AM","May 2022","Arrival","International","Mail","697"
"2023 May 01 12:00:21 AM","Mar 2023","Departure","Domestic","Mail","4,738"
"2022 Apr 01 12:00:18 AM","Feb 2022","Arrival","Domestic","Mail","2,521"
"2023 May 01 12:00:21 AM","Mar 2023","Departure","Domestic","Freight","34,600"
"2022 Apr 01 12:00:18 AM","Feb 2022","Departure","Domestic","Mail","5,181"
"2023 Feb 01 12:00:35 AM","Feb 2022","Arrival","International","Freight","78,145"
"2022 May 01 12:00:25 AM","Feb 2022","Departure","Domestic","Freight","36,688"
"2022 May 01 12:00:25 AM","Mar 2022","Departure","Domestic","Freight","41,683"
"2022 May 01 12:00:25 AM","Nov 2021","Arrival","Domestic","Freight","46,863"
"2022 May 01 12:00:25 AM","Jan 2022","Arrival","Domestic","Freight","43,509"
"2022 May 01 12:00:25 AM","Mar 2022","Arrival","Domestic","Mail","3,008"
"2022 May 01 12:00:25 AM","Jan 2022","Departure","Domestic","Freight","36,290"
"2022 May 01 12:00:25 AM","Oct 2021","Arrival","Domestic","Freight","45,427"
"2023 Feb 01 12:00:35 AM","Apr 2022","Arrival","International","Freight","92,037"
"2022 May 01 12:00:25 AM","Mar 2022","Arrival","Domestic","Freight","42,506"
"2022 May 01 12:00:25 AM","Dec 2021","Departure","Domestic","Freight","43,107"
"2022 May 01 12:00:25 AM","Mar 2022","Departure","Domestic","Mail","5,428"
"2023 Feb 01 12:00:35 AM","May 2022","Departure","International","Freight","60,411"
"2022 May 01 12:00:25 AM","Mar 2022","Arrival","International","Mail","722"
"2022 May 01 12:00:25 AM","Sep 2021","Departure","Domestic","Freight","38,708"
"2022 May 01 12:00:25 AM","Oct 2021","Departure","Domestic","Freight","38,080"
"2022 May 01 12:00:25 AM","Nov 2021","Departure","Domestic","Freight","38,876"
"2022 May 01 12:00:25 AM","Dec 2021","Arrival","Domestic","Freight","47,536"
"2022 May 01 12:00:25 AM","Sep 2021","Arrival","Domestic","Freight","43,806"
"2022 May 01 12:00:25 AM","Mar 2022","Departure","International","Mail","485"
"2022 May 01 12:00:25 AM","Feb 2022","Arrival","Domestic","Freight","38,821"
"2022 Jul 01 12:00:22 AM","May 2022","Departure","International","Mail","609"
"2023 Feb 01 12:00:35 AM","Dec 2022","Departure","Domestic","Freight","36,938"
"2023 Feb 01 12:00:35 AM","Feb 2022","Departure","International","Freight","55,990"
"2022 Jul 28 09:31:00 AM","May 2022","Arrival","Domestic","Mail","3,652"
"2023 Feb 01 12:00:35 AM","Jun 2022","Arrival","International","Freight","95,170"
"2023 Feb 01 12:00:35 AM","Apr 2022","Departure","International","Freight","58,043"
"2022 Jul 28 09:31:00 AM","May 2022","Departure","Domestic","Mail","5,716"
"2023 Feb 01 12:00:35 AM","Dec 2022","Arrival","International","Freight","85,692"
"2023 Feb 01 12:00:35 AM","Dec 2022","Departure","International","Mail","597"
"2022 Jul 28 09:31:00 AM","May 2022","Departure","Domestic","Freight","35,308"
"2022 Jul 28 09:31:00 AM","Jun 2022","Departure","Domestic","Freight","35,344"
"2023 Feb 01 12:00:35 AM","Mar 2022","Arrival","International","Freight","103,588"
"2022 Jul 28 09:31:00 AM","Jun 2022","Departure","Domestic","Mail","5,655"
"2022 Jul 28 09:31:00 AM","May 2022","Arrival","Domestic","Freight","37,996"
"2023 Feb 01 12:00:35 AM","Jan 2022","Arrival","International","Freight","96,077"
"2022 Jul 28 09:31:00 AM","Jun 2022","Arrival","Domestic","Freight","39,753"
"2022 Jul 28 09:31:00 AM","Jun 2022","Arrival","Domestic","Mail","3,944"
"2023 Feb 01 12:00:35 AM","Dec 2022","Departure","International","Freight","48,512"
"2023 Feb 01 12:00:35 AM","Aug 2022","Departure","International","Freight","59,241"
"2023 Feb 01 12:00:35 AM","Oct 2022","Departure","International","Freight","52,875"
"2023 May 01 12:00:21 AM","Mar 2023","Arrival","International","Mail","848"
"2023 May 01 12:00:21 AM","Mar 2023","Departure","International","Mail","346"
"2023 May 01 12:00:21 AM","Mar 2023","Arrival","Domestic","Freight","35,974"
"2023 May 01 12:00:21 AM","Mar 2023","Arrival","Domestic","Mail","2,738"
"2023 Aug 01 12:00:18 AM","Jun 2023","Departure","International","Mail","427"
"2023 Aug 01 12:00:18 AM","Jun 2023","Arrival","Domestic","Freight","33,229"
"2023 Jun 01 12:01:10 AM","Apr 2023","Departure","International","Mail","436"
"2023 Jun 01 12:01:10 AM","Apr 2023","Departure","Domestic","Freight","30,208"
"2023 Jun 01 12:01:10 AM","Apr 2023","Departure","International","Freight","40,666"
"2023 Jun 01 12:01:10 AM","Mar 2023","Departure","International","Freight","52,044"
"2023 Aug 01 12:00:18 AM","Jun 2023","Arrival","International","Mail","815"
"2023 Mar 01 12:01:36 AM","Jan 2023","Arrival","Domestic","Mail","2,868"
"2023 Mar 01 12:01:36 AM","Jan 2023","Departure","Domestic","Freight","29,711"
"2023 Mar 01 12:01:36 AM","Jan 2023","Departure","Domestic","Mail","5,164"
"2023 Mar 01 12:01:36 AM","Oct 2022","Departure","Domestic","Freight","35,283"
"2023 Mar 01 12:01:36 AM","Oct 2022","Arrival","Domestic","Freight","35,709"
"2023 Mar 01 12:01:36 AM","Jan 2023","Arrival","Domestic","Freight","28,922"
"2023 Mar 01 12:01:36 AM","Jan 2023","Departure","International","Freight","40,673"
"2023 Mar 01 12:01:36 AM","Jan 2023","Arrival","International","Mail","660"
"2023 Mar 01 12:01:36 AM","Jan 2023","Departure","International","Mail","380"
"2023 Mar 01 12:01:36 AM","Jan 2023","Arrival","International","Freight","70,780"
"2023 Oct 01 12:00:24 AM","Aug 2023","Departure","Domestic","Freight","34,663"
"2023 Jun 01 12:01:10 AM","Apr 2023","Arrival","International","Mail","737"
"2023 Jun 01 12:01:10 AM","Mar 2023","Arrival","International","Freight","82,971"
"2023 Jun 01 12:01:10 AM","Apr 2023","Arrival","Domestic","Mail","1,886"
"2023 Jun 01 12:01:10 AM","Apr 2023","Arrival","International","Freight","74,215"
"2023 Sep 01 12:00:48 AM","Jul 2023","Arrival","Domestic","Freight","31,310"
"2023 Sep 01 12:00:48 AM","Jul 2023","Departure","Domestic","Mail","2,667"
"2023 Sep 01 12:00:48 AM","Jul 2023","Departure","Domestic","Freight","31,185"
"2023 Sep 01 12:00:48 AM","Jul 2023","Arrival","Domestic","Mail","1,350"
"2023 Sep 01 12:00:48 AM","Jul 2023","Arrival","International","Mail","763"
"2023 Sep 01 12:00:48 AM","Jul 2023","Departure","International","Mail","450"
"2023 Sep 01 12:00:48 AM","Jul 2023","Arrival","International","Freight","80,071"
"2023 Sep 01 12:00:48 AM","Jul 2023","Departure","International","Freight","50,406"
"2023 Oct 01 12:00:24 AM","Aug 2023","Arrival","International","Mail","880"
"2023 Oct 01 12:00:24 AM","Aug 2023","Departure","International","Mail","350"
"2023 Oct 01 12:00:24 AM","Aug 2023","Departure","International","Freight","44,890"
"2023 Oct 01 12:00:24 AM","Aug 2023","Arrival","Domestic","Freight","34,779"
"2023 Oct 01 12:00:24 AM","Aug 2023","Arrival","Domestic","Mail","1,192"
"2023 Nov 01 12:00:21 AM","Sep 2023","Arrival","Domestic","Freight","32,202"
"2023 Nov 01 12:00:21 AM","Sep 2023","Arrival","Domestic","Mail","1,088"
"2023 Nov 01 12:00:21 AM","Sep 2023","Arrival","International","Freight","81,197"
"2023 Nov 01 12:00:21 AM","Sep 2023","Arrival","International","Mail","890"
"2023 Nov 01 12:00:21 AM","Sep 2023","Departure","Domestic","Mail","3,298"
"2023 Nov 01 12:00:21 AM","Sep 2023","Departure","International","Mail","534"
"2023 Nov 01 12:00:21 AM","Sep 2023","Departure","International","Freight","43,149"
"2023 Nov 30 04:52:29 AM","Sep 2023","Departure","Domestic","Freight","32,624"
"2023 Nov 18 05:28:20 AM","Oct 2023","Arrival","Domestic","Freight","32,967"
"2023 Nov 18 05:28:20 AM","Oct 2023","Departure","International","Mail","361"
"2023 Nov 18 05:28:20 AM","Oct 2023","Departure","Domestic","Freight","32,827"
"2023 Nov 18 05:28:20 AM","Oct 2023","Arrival","International","Freight","87,673"
"2023 Nov 18 05:28:20 AM","Oct 2023","Departure","Domestic","Mail","3,348"
"2023 Nov 18 05:28:20 AM","Oct 2023","Arrival","Domestic","Mail","1,051"
"2023 Nov 18 05:28:20 AM","Oct 2023","Arrival","International","Mail","835"
"2023 Nov 18 05:28:20 AM","Oct 2023","Departure","International","Freight","44,583"
"2018 Apr 18 03:12:41 PM","Feb 2013","Arrival","International","Mail","533"
"2018 Apr 18 03:12:41 PM","Jun 2008","Departure","Domestic","Mail","2,166"
"2018 Apr 18 03:12:41 PM","Mar 2007","Departure","International","Mail","1,241"
"2020 Jun 01 07:57:59 AM","Apr 2020","Arrival","International","Mail","824"
"2018 Apr 18 03:12:41 PM","May 2017","Arrival","Domestic","Mail","2,813"
"2018 Apr 18 03:12:41 PM","Dec 2007","Departure","International","Freight","34,488"
"2018 Apr 18 03:12:41 PM","Mar 2008","Arrival","Domestic","Freight","32,797"
"2018 Apr 18 03:12:41 PM","Oct 2012","Departure","Domestic","Freight","35,869"
"2020 Feb 28 08:21:30 AM","Jan 2020","Departure","International","Mail","1,821"
"2018 Apr 18 03:12:41 PM","Sep 2016","Arrival","International","Mail","1,177"
"2018 Apr 18 03:12:41 PM","Nov 2017","Arrival","International","Mail","1,394"
"2021 Feb 02 08:17:02 AM","Dec 2020","Departure","International","Freight","51,822"
"2018 Apr 18 03:12:41 PM","Sep 2010","Arrival","Domestic","Mail","1,356"
"2018 Apr 18 03:12:41 PM","Oct 2015","Departure","Domestic","Mail","2,710"
"2020 Feb 28 08:21:30 AM","Jan 2020","Arrival","International","Mail","1,192"
"2018 Apr 18 03:12:41 PM","Sep 2008","Arrival","Domestic","Freight","26,989"
"2018 Apr 18 03:12:41 PM","Jul 2013","Arrival","International","Mail","782"
"2018 Jul 11 02:24:22 PM","May 2018","Departure","International","Mail","1,035"
"2018 Apr 18 03:12:41 PM","Aug 2015","Arrival","International","Freight","58,453"
"2018 Apr 18 03:12:41 PM","Jun 2011","Departure","International","Freight","45,423"
"2018 Apr 18 03:12:41 PM","Mar 2006","Departure","Domestic","Mail","3,836"
"2018 Apr 18 03:12:41 PM","Jun 2012","Departure","International","Mail","1,806"
"2018 Apr 18 03:12:41 PM","Jan 2014","Departure","Domestic","Mail","2,312"
"2018 Apr 18 03:12:41 PM","Mar 2011","Arrival","International","Mail","537"
"2018 Apr 18 03:12:41 PM","Jun 2010","Departure","International","Mail","1,718"
"2018 Apr 18 03:12:41 PM","Sep 2016","Departure","International","Mail","996"
"2018 Apr 18 03:12:41 PM","Apr 2015","Arrival","International","Freight","59,639"
"2018 Apr 18 03:12:41 PM","Nov 2015","Arrival","International","Freight","66,886"
"2018 Apr 18 03:12:41 PM","Aug 2013","Departure","International","Freight","42,407"
"2018 Apr 18 03:12:41 PM","Apr 2011","Arrival","International","Mail","514"
"2018 Apr 18 03:12:41 PM","Aug 2013","Arrival","Domestic","Freight","29,052"
"2018 Apr 18 03:12:41 PM","May 2017","Departure","Domestic","Freight","39,177"
"2018 Apr 18 03:12:41 PM","Jul 2009","Arrival","Domestic","Mail","1,261"
"2018 Dec 26 06:52:40 AM","Nov 2018","Departure","Domestic","Freight","41,529"
"2018 Apr 18 03:12:41 PM","Jul 2012","Departure","Domestic","Mail","2,665"
"2018 Apr 18 03:12:41 PM","Mar 2014","Arrival","International","Freight","53,873"
"2018 Apr 18 03:12:41 PM","Mar 2018","Departure","Domestic","Mail","3,621"
"2018 Apr 18 03:12:41 PM","Apr 2007","Arrival","International","Mail","722"
"2018 Apr 18 03:12:41 PM","Dec 2017","Departure","International","Mail","1,480"
"2018 Apr 18 03:12:41 PM","Mar 2014","Departure","International","Freight","46,565"
"2018 Apr 18 03:12:41 PM","Apr 2016","Arrival","Domestic","Mail","1,748"
"2018 Apr 18 03:12:41 PM","Jul 2016","Arrival","International","Mail","2,515"
"2020 Jan 02 10:43:42 AM","Nov 2019","Departure","International","Freight","47,075"
"2018 Apr 18 03:12:41 PM","Jul 2012","Departure","International","Mail","2,746"
"2018 Apr 18 03:12:41 PM","Jul 2006","Departure","Domestic","Freight","38,969"
"2018 Apr 18 03:12:41 PM","Jan 2018","Departure","Domestic","Freight","35,259"
"2018 Apr 18 03:12:41 PM","Dec 2015","Arrival","International","Freight","55,744"
"2018 Apr 18 03:12:41 PM","Jun 2017","Departure","Domestic","Freight","38,842"
"2018 Apr 18 03:12:41 PM","Jan 2011","Departure","Domestic","Mail","2,517"
"2018 Apr 18 03:12:41 PM","Oct 2008","Departure","Domestic","Freight","33,840"
"2018 Apr 18 03:12:41 PM","Dec 2010","Arrival","International","Mail","673"
"2018 Apr 18 03:12:41 PM","Sep 2017","Departure","Domestic","Freight","36,303"
"2018 Apr 18 03:12:41 PM","Sep 2013","Arrival","Domestic","Freight","27,181"
"2018 Apr 18 03:12:41 PM","Oct 2009","Arrival","Domestic","Freight","30,781"
"2018 Apr 18 03:12:41 PM","Nov 2013","Arrival","Domestic","Freight","29,972"
"2018 Apr 18 03:12:41 PM","Sep 2009","Departure","International","Freight","31,821"
"2018 Apr 18 03:12:41 PM","Apr 2010","Departure","Domestic","Freight","31,904"
"2018 Apr 18 03:12:41 PM","Aug 2007","Arrival","International","Mail","743"
"2018 Apr 18 03:12:41 PM","Feb 2014","Arrival","Domestic","Freight","25,403"
"2018 Jul 11 02:24:22 PM","May 2018","Departure","Domestic","Mail","3,309"
"2021 Mar 03 10:48:12 AM","Jan 2021","Arrival","International","Mail","987"
"2018 Apr 18 03:12:41 PM","Apr 2014","Arrival","Domestic","Mail","1,762"
"2018 Sep 26 09:27:08 AM","Aug 2018","Arrival","International","Mail","1,506"
"2018 Apr 18 03:12:41 PM","Aug 2013","Departure","International","Mail","1,760"
"2018 Apr 18 03:12:41 PM","Apr 2007","Departure","International","Mail","1,106"
"2018 Apr 18 03:12:41 PM","Jun 2008","Arrival","Domestic","Freight","30,450"
"2018 Apr 18 03:12:41 PM","Nov 2010","Departure","International","Freight","35,626"
"2018 Apr 18 03:12:41 PM","Apr 2014","Arrival","International","Freight","50,368"
"2018 Apr 18 03:12:41 PM","Dec 2016","Departure","Domestic","Freight","39,927"
"2018 Apr 18 03:12:41 PM","Jul 2008","Arrival","Domestic","Mail","1,778"
"2018 Apr 18 03:12:41 PM","May 2011","Arrival","Domestic","Mail","1,456"
"2018 Apr 18 03:12:41 PM","Dec 2007","Arrival","Domestic","Mail","1,899"
"2018 Apr 18 03:12:41 PM","Dec 2008","Arrival","Domestic","Mail","1,583"
"2018 Apr 18 03:12:41 PM","Feb 2011","Departure","International","Freight","33,970"
"2018 Apr 18 03:12:41 PM","Nov 2011","Arrival","Domestic","Freight","30,861"
"2018 Apr 18 03:12:41 PM","May 2017","Departure","International","Mail","991"
"2019 Apr 29 01:10:30 PM","Mar 2019","Arrival","Domestic","Freight","31,626"
"2018 Apr 18 03:12:41 PM","Aug 2010","Departure","Domestic","Freight","30,863"
"2018 Apr 18 03:12:41 PM","Sep 2015","Arrival","International","Freight","59,733"
"2018 Apr 18 03:12:41 PM","Dec 2006","Departure","International","Freight","34,810"
"2020 Apr 08 09:58:08 AM","Feb 2020","Departure","Domestic","Freight","29,400"
"2018 Apr 18 03:12:41 PM","Feb 2008","Arrival","Domestic","Mail","1,516"
"2018 Apr 18 03:12:41 PM","Jan 2016","Departure","Domestic","Freight","34,011"
"2018 Apr 18 03:12:41 PM","Jan 2008","Departure","Domestic","Freight","34,816"
"2020 Jan 02 10:43:42 AM","Nov 2019","Departure","Domestic","Mail","5,044"
"2018 Apr 18 03:12:41 PM","Nov 2008","Arrival","International","Freight","41,597"
"2018 Apr 18 03:12:41 PM","Aug 2009","Arrival","International","Freight","44,113"
"2018 Apr 18 03:12:41 PM","Feb 2016","Departure","International","Mail","1,034"
"2018 Apr 18 03:12:41 PM","Oct 2013","Departure","International","Freight","41,518"
"2018 Apr 18 03:12:41 PM","Oct 2006","Arrival","International","Freight","61,191"
"2018 Apr 18 03:12:41 PM","Jan 2016","Arrival","International","Freight","50,235"
"2018 Apr 18 03:12:41 PM","Mar 2010","Departure","Domestic","Freight","33,073"
"2018 Apr 18 03:12:41 PM","Apr 2006","Arrival","Domestic","Mail","2,536"
"2018 Apr 18 03:12:41 PM","Jan 2013","Departure","International","Freight","35,133"
"2020 Jun 29 07:20:39 AM","Apr 2020","Departure","Domestic","Freight","30,092"
"2018 Apr 18 03:12:41 PM","Dec 2017","Arrival","International","Mail","2,175"
"2018 Apr 18 03:12:41 PM","Jul 2008","Arrival","Domestic","Freight","29,301"
"2018 Apr 18 03:12:41 PM","Apr 2006","Departure","Domestic","Freight","40,440"
"2018 Apr 18 03:12:41 PM","Feb 2012","Departure","Domestic","Mail","2,404"
"2018 Apr 18 03:12:41 PM","Feb 2016","Arrival","International","Mail","1,082"
"2018 Apr 18 03:12:41 PM","Sep 2012","Departure","Domestic","Mail","2,661"
"2018 Apr 18 03:12:41 PM","Sep 2014","Arrival","International","Mail","931"
"2018 Apr 18 03:12:41 PM","Sep 2006","Departure","Domestic","Freight","38,434"
"2019 Nov 26 01:26:41 PM","Oct 2019","Departure","Domestic","Freight","34,093"
"2019 Apr 29 01:10:30 PM","Nov 2018","Arrival","International","Freight","82,402"
"2020 Jun 01 07:57:59 AM","Apr 2020","Departure","Domestic","Mail","4,333"
"2018 Apr 18 03:12:41 PM","Dec 2009","Departure","International","Freight","31,383"
"2018 Apr 18 03:12:41 PM","Oct 2007","Departure","International","Freight","34,611"
"2018 Apr 18 03:12:41 PM","Dec 2014","Arrival","Domestic","Mail","3,984"
"2019 May 28 06:24:45 AM","Apr 2019","Arrival","Domestic","Mail","3,196"
"2018 Apr 18 03:12:41 PM","Mar 2016","Arrival","Domestic","Mail","1,904"
"2018 Apr 18 03:12:41 PM","Feb 2018","Departure","Domestic","Mail","3,194"
"2018 Apr 18 03:12:41 PM","Aug 2008","Arrival","Domestic","Mail","1,561"
"2018 Apr 18 03:12:41 PM","Apr 2010","Departure","Domestic","Mail","2,155"
"2018 Apr 18 03:12:41 PM","Jan 2006","Arrival","Domestic","Freight","35,703"
"2018 Apr 18 03:12:41 PM","Oct 2006","Departure","International","Mail","1,202"
"2018 Apr 18 03:12:41 PM","Oct 2013","Arrival","International","Freight","53,365"
"2018 Apr 18 03:12:41 PM","Dec 2008","Departure","International","Freight","26,804"
"2021 Feb 02 08:17:02 AM","Nov 2020","Departure","International","Mail","718"
"2018 Apr 18 03:12:41 PM","Jul 2007","Departure","International","Mail","1,075"
"2019 Apr 29 01:10:30 PM","Apr 2018","Arrival","International","Freight","76,322"
"2018 Apr 18 03:12:41 PM","Nov 2006","Arrival","Domestic","Mail","2,158"
"2019 Apr 29 01:10:30 PM","May 2018","Departure","International","Freight","53,812"
"2019 Jul 18 06:18:08 AM","Jun 2019","Arrival","International","Mail","1,132"
"2018 Apr 18 03:12:41 PM","Jun 2014","Arrival","International","Mail","787"
"2020 Apr 29 07:14:24 AM","Mar 2020","Departure","International","Mail","521"
"2018 Apr 18 03:12:41 PM","Nov 2010","Arrival","International","Freight","56,125"
"2018 Apr 18 03:12:41 PM","Jul 2016","Departure","Domestic","Mail","2,679"
"2019 Jun 24 01:17:06 PM","May 2019","Departure","Domestic","Freight","35,486"
"2020 Dec 07 01:58:36 PM","Oct 2020","Departure","Domestic","Freight","37,083"
"2018 Apr 18 03:12:41 PM","Mar 2013","Arrival","Domestic","Freight","32,221"
"2018 Apr 18 03:12:41 PM","Oct 2011","Arrival","Domestic","Mail","1,695"
"2018 Apr 18 03:12:41 PM","Dec 2010","Arrival","International","Freight","47,371"
"2018 Apr 18 03:12:41 PM","Jan 2007","Departure","International","Freight","31,805"
"2018 Apr 18 03:12:41 PM","Feb 2006","Arrival","Domestic","Freight","35,065"
"2019 Nov 10 06:01:31 AM","Sep 2019","Departure","International","Freight","47,200"
"2019 Apr 29 01:10:30 PM","Sep 2018","Arrival","International","Freight","82,681"
"2018 Apr 18 03:12:41 PM","Oct 2011","Arrival","International","Freight","51,532"
"2019 Apr 29 01:10:30 PM","Mar 2019","Arrival","International","Freight","72,506"
"2019 Mar 01 11:09:59 AM","Jan 2019","Arrival","Domestic","Mail","2,885"
"2018 Apr 18 03:12:41 PM","Oct 2010","Arrival","International","Freight","53,766"
"2019 Apr 29 01:10:30 PM","Feb 2018","Arrival","International","Freight","59,740"
"2018 Apr 18 03:12:41 PM","May 2007","Departure","International","Mail","1,118"
"2018 Aug 21 11:02:45 AM","Jul 2018","Departure","Domestic","Mail","3,119"
"2018 Apr 18 03:12:41 PM","Nov 2017","Arrival","Domestic","Mail","2,841"
"2021 Feb 02 08:17:02 AM","Dec 2020","Arrival","Domestic","Mail","4,926"
"2018 Aug 24 11:01:04 AM","Jul 2018","Arrival","International","Mail","1,382"
"2018 Apr 18 03:12:41 PM","Oct 2017","Departure","Domestic","Freight","37,762"
"2018 Apr 18 03:12:41 PM","Sep 2012","Arrival","International","Freight","50,889"
"2018 Apr 18 03:12:41 PM","Jun 2006","Departure","International","Freight","38,843"
"2018 Apr 18 03:12:41 PM","Jun 2015","Departure","Domestic","Mail","2,578"
"2018 Apr 18 03:12:41 PM","May 2011","Departure","International","Mail","1,934"
"2018 Apr 18 03:12:41 PM","Jun 2009","Arrival","International","Freight","39,257"
"2018 Apr 18 03:12:41 PM","Feb 2014","Departure","Domestic","Mail","2,257"
"2018 Apr 18 03:12:41 PM","Jul 2016","Departure","International","Freight","49,989"
"2018 Apr 18 03:12:41 PM","Apr 2015","Arrival","Domestic","Mail","2,508"
"2018 Apr 18 03:12:41 PM","Oct 2014","Departure","International","Freight","42,323"
"2018 Apr 18 03:12:41 PM","Feb 2018","Arrival","International","Mail","1,341"
"2018 Apr 18 03:12:41 PM","Apr 2016","Arrival","International","Mail","1,134"
"2018 Apr 18 03:12:41 PM","Oct 2016","Departure","Domestic","Freight","35,204"
"2018 Apr 18 03:12:41 PM","Sep 2011","Arrival","International","Freight","46,465"
"2018 Apr 18 03:12:41 PM","Apr 2013","Departure","Domestic","Mail","2,311"
"2019 Mar 22 10:49:20 AM","Feb 2019","Arrival","Domestic","Freight","25,049"
"2018 Apr 18 03:12:41 PM","Oct 2010","Arrival","Domestic","Mail","1,565"
"2018 Apr 18 03:12:41 PM","Aug 2014","Departure","Domestic","Freight","33,695"
"2018 Apr 18 03:12:41 PM","Oct 2010","Departure","Domestic","Mail","2,526"
"2018 Apr 18 03:12:41 PM","Oct 2007","Arrival","Domestic","Freight","37,468"
"2018 Apr 18 03:12:41 PM","Apr 2007","Arrival","Domestic","Mail","1,889"
"2018 Apr 18 03:12:41 PM","Aug 2016","Arrival","International","Mail","1,698"
"2018 Apr 18 03:12:41 PM","Jan 2006","Arrival","International","Freight","46,391"
"2018 Apr 18 03:12:41 PM","Feb 2009","Departure","Domestic","Freight","27,105"
"2018 Apr 18 03:12:41 PM","Jan 2014","Departure","Domestic","Freight","33,246"
"2018 Apr 18 03:12:41 PM","May 2010","Departure","Domestic","Mail","2,391"
"2021 Feb 02 08:17:02 AM","Dec 2020","Arrival","International","Mail","1,451"
"2018 Apr 18 03:12:41 PM","Apr 2008","Arrival","Domestic","Freight","31,587"
"2018 Apr 18 03:12:41 PM","Feb 2009","Departure","International","Mail","963"
"2018 Apr 18 03:12:41 PM","Jul 2016","Arrival","Domestic","Mail","2,551"
"2020 Feb 28 08:21:30 AM","Jan 2020","Departure","International","Freight","41,281"
"2018 Apr 18 03:12:41 PM","Feb 2011","Arrival","Domestic","Mail","1,658"
"2018 Apr 18 03:12:41 PM","Dec 2012","Arrival","International","Mail","3,343"
"2018 Apr 18 03:12:41 PM","Aug 2013","Departure","Domestic","Mail","2,248"
"2018 Apr 18 03:12:41 PM","Oct 2015","Arrival","International","Freight","62,210"
"2018 Apr 18 03:12:41 PM","Nov 2006","Arrival","Domestic","Freight","36,344"
"2018 Apr 18 03:12:41 PM","Nov 2011","Departure","Domestic","Freight","33,340"
"2018 Dec 26 06:52:40 AM","Nov 2018","Departure","Domestic","Mail","3,330"
"2018 May 23 07:44:39 AM","Apr 2018","Departure","Domestic","Freight","33,957"
"2019 Nov 10 06:01:31 AM","Sep 2019","Departure","Domestic","Mail","4,813"
"2018 Apr 18 03:12:41 PM","Jul 2009","Departure","Domestic","Mail","1,733"
"2018 Apr 18 03:12:41 PM","Feb 2010","Departure","International","Freight","31,358"
"2018 Apr 18 03:12:41 PM","Nov 2011","Arrival","Domestic","Mail","1,596"
"2018 Apr 18 03:12:41 PM","Nov 2014","Arrival","International","Mail","1,047"
"2018 Apr 18 03:12:41 PM","Dec 2012","Departure","Domestic","Freight","37,422"
"2018 Apr 18 03:12:41 PM","Sep 2011","Departure","Domestic","Freight","31,606"
"2019 Nov 10 06:01:31 AM","Sep 2019","Departure","International","Mail","739"
"2019 Jan 30 07:34:09 AM","Dec 2018","Departure","Domestic","Mail","7,765"
"2019 Apr 29 01:10:30 PM","Oct 2018","Departure","International","Freight","55,110"
"2018 Aug 10 06:01:24 AM","Jun 2018","Arrival","International","Freight","77,091"
"2018 Apr 18 03:12:41 PM","Feb 2010","Arrival","International","Mail","658"
"2019 Apr 29 01:10:30 PM","Oct 2017","Arrival","International","Freight","75,541"
"2018 Apr 18 03:12:41 PM","Jun 2007","Departure","International","Mail","1,082"
"2018 Apr 18 03:12:41 PM","Mar 2010","Arrival","International","Freight","58,165"
"2018 Apr 18 03:12:41 PM","May 2015","Arrival","Domestic","Freight","29,455"
"2018 Apr 18 03:12:41 PM","Apr 2008","Arrival","Domestic","Mail","1,806"
"2018 Apr 18 03:12:41 PM","Sep 2014","Arrival","Domestic","Mail","1,846"
"2018 Apr 18 03:12:41 PM","Jul 2007","Arrival","Domestic","Freight","33,369"
"2018 Apr 18 03:12:41 PM","Jul 2017","Arrival","International","Freight","73,355"
"2018 Apr 18 03:12:41 PM","Dec 2009","Arrival","Domestic","Freight","34,683"
"2018 Apr 18 03:12:41 PM","Feb 2009","Arrival","Domestic","Freight","23,020"
"2018 Apr 18 03:12:41 PM","Nov 2010","Arrival","International","Mail","454"
"2019 Apr 29 01:10:30 PM","Jan 2018","Departure","International","Freight","46,385"
"2018 Apr 18 03:12:41 PM","Dec 2007","Departure","Domestic","Freight","37,963"
"2018 Apr 18 03:12:41 PM","Jul 2015","Arrival","Domestic","Freight","28,449"
"2018 Apr 18 03:12:41 PM","Jul 2013","Arrival","Domestic","Freight","27,644"
"2018 Apr 18 03:12:41 PM","Apr 2016","Departure","International","Freight","44,563"
"2018 Apr 18 03:12:41 PM","Feb 2006","Arrival","Domestic","Mail","2,551"
"2018 Apr 18 03:12:41 PM","Mar 2011","Arrival","Domestic","Freight","31,957"
"2018 Apr 18 03:12:41 PM","Aug 2015","Departure","Domestic","Mail","2,602"
"2019 May 28 06:24:45 AM","Apr 2019","Arrival","International","Freight","69,061"
"2018 Apr 18 03:12:41 PM","Oct 2015","Departure","International","Mail","1,349"
"2018 Apr 18 03:12:41 PM","Nov 2006","Arrival","International","Mail","769"
"2018 Apr 18 03:12:41 PM","May 2009","Departure","International","Freight","30,665"
"2018 Apr 18 03:12:41 PM","Jul 2011","Arrival","International","Mail","525"
"2018 Apr 18 03:12:41 PM","Oct 2012","Departure","International","Freight","39,897"
"2021 Apr 01 09:37:48 AM","Feb 2021","Arrival","Domestic","Mail","3,395"
"2018 Apr 18 03:12:41 PM","Jun 2006","Arrival","Domestic","Freight","39,164"
"2018 Apr 18 03:12:41 PM","Sep 2007","Arrival","Domestic","Mail","1,647"
"2018 Apr 18 03:12:41 PM","Jan 2007","Arrival","Domestic","Freight","36,417"
"2019 Nov 26 01:26:41 PM","Oct 2019","Departure","International","Freight","49,797"
"2018 Apr 18 03:12:41 PM","Apr 2009","Arrival","International","Freight","39,054"
"2018 Apr 18 03:12:41 PM","Jun 2007","Arrival","International","Mail","680"
"2018 May 23 07:44:39 AM","Apr 2018","Arrival","International","Mail","1,904"
"2018 Apr 18 03:12:41 PM","Oct 2010","Departure","Domestic","Freight","34,559"
"2018 Apr 18 03:12:41 PM","Jul 2011","Arrival","Domestic","Mail","1,286"
"2018 Apr 18 03:12:41 PM","Jan 2014","Arrival","International","Mail","796"
"2019 Jul 26 08:10:48 AM","Jun 2019","Departure","International","Freight","49,738"
"2018 Apr 18 03:12:41 PM","Aug 2014","Arrival","International","Freight","53,194"
"2018 Apr 18 03:12:41 PM","May 2006","Arrival","Domestic","Mail","2,217"
"2018 Apr 18 03:12:41 PM","Mar 2017","Departure","Domestic","Mail","3,193"
"2018 Apr 18 03:12:41 PM","Feb 2012","Departure","International","Mail","1,655"
"2018 Apr 18 03:12:41 PM","Mar 2007","Arrival","Domestic","Mail","1,870"
"2018 Apr 18 03:12:41 PM","Aug 2015","Arrival","Domestic","Mail","2,511"
"2018 Apr 18 03:12:41 PM","Nov 2014","Arrival","Domestic","Freight","32,704"
"2018 Apr 18 03:12:41 PM","Oct 2016","Departure","International","Freight","50,197"
"2018 Apr 18 03:12:41 PM","Jan 2013","Arrival","International","Freight","42,331"
"2018 Apr 18 03:12:41 PM","Jun 2008","Departure","International","Mail","1,186"
"2018 Apr 18 03:12:41 PM","Oct 2013","Departure","Domestic","Mail","2,168"
"2019 Aug 23 03:41:00 PM","Jul 2019","Departure","Domestic","Mail","4,484"
"2019 Jun 24 01:17:06 PM","May 2019","Arrival","Domestic","Mail","3,163"
"2019 Mar 14 06:45:08 AM","Feb 2019","Arrival","Domestic","Mail","3,514"
"2021 Feb 02 08:17:02 AM","Nov 2020","Departure","International","Freight","56,158"
"2018 Apr 18 03:12:41 PM","Jan 2007","Arrival","International","Freight","48,033"
"2018 Apr 18 03:12:41 PM","Apr 2008","Arrival","International","Mail","674"
"2018 Apr 18 03:12:41 PM","Jan 2009","Arrival","International","Mail","697"
"2018 Apr 18 03:12:41 PM","Oct 2006","Arrival","Domestic","Mail","1,981"
"2018 Apr 18 03:12:41 PM","Mar 2013","Departure","International","Freight","42,541"
"2019 May 28 06:24:45 AM","Apr 2019","Departure","Domestic","Freight","35,722"
"2020 Aug 03 07:35:04 AM","Jun 2020","Arrival","International","Mail","1,299"
"2018 Apr 18 03:12:41 PM","Jul 2006","Departure","Domestic","Mail","1,696"
"2018 Apr 18 03:12:41 PM","Mar 2011","Departure","Domestic","Freight","33,516"
"2018 Apr 18 03:12:41 PM","Jan 2014","Arrival","Domestic","Mail","1,932"
"2021 Mar 03 10:48:12 AM","Jan 2021","Departure","International","Mail","600"
"2018 Aug 10 06:01:24 AM","Jun 2018","Departure","International","Freight","55,694"
"2018 Apr 18 03:12:41 PM","Jul 2014","Arrival","Domestic","Freight","30,634"
"2018 Apr 18 03:12:41 PM","Nov 2006","Departure","International","Mail","2,810"
"2018 Jul 11 02:24:22 PM","May 2018","Arrival","Domestic","Mail","2,616"
"2018 Apr 18 03:12:41 PM","Oct 2011","Departure","Domestic","Mail","2,579"
"2018 Apr 18 03:12:41 PM","Nov 2013","Arrival","Domestic","Mail","2,006"
"2018 Apr 18 03:12:41 PM","Jun 2017","Arrival","International","Mail","1,530"
"2018 Apr 18 03:12:41 PM","Jul 2015","Departure","Domestic","Mail","2,710"
"2018 Apr 18 03:12:41 PM","Jul 2016","Arrival","Domestic","Freight","29,580"
"2018 Apr 18 03:12:41 PM","Jun 2014","Departure","Domestic","Freight","33,632"
"2018 Apr 18 03:12:41 PM","Jan 2015","Departure","International","Mail","1,248"
"2018 Apr 18 03:12:41 PM","Mar 2014","Arrival","International","Mail","756"
"2021 Mar 03 10:48:12 AM","Jan 2021","Arrival","Domestic","Freight","38,630"
"2018 Apr 18 03:12:41 PM","Oct 2009","Departure","International","Freight","32,434"
"2018 Apr 18 03:12:41 PM","Mar 2015","Departure","Domestic","Mail","2,573"
"2018 Apr 18 03:12:41 PM","Apr 2011","Departure","International","Mail","1,862"
"2018 Apr 18 03:12:41 PM","Jul 2011","Departure","Domestic","Mail","2,102"
"2018 Apr 18 03:12:41 PM","Aug 2015","Departure","International","Freight","43,492"
"2018 Apr 18 03:12:41 PM","Apr 2012","Departure","Domestic","Mail","2,545"
"2018 Apr 18 03:12:41 PM","Jul 2008","Departure","Domestic","Mail","2,184"
"2018 Apr 18 03:12:41 PM","Oct 2007","Departure","Domestic","Freight","37,887"
"2018 Apr 18 03:12:41 PM","Mar 2008","Departure","Domestic","Freight","35,055"
"2018 Apr 18 03:12:41 PM","Nov 2012","Departure","Domestic","Freight","34,907"
"2018 Apr 18 03:12:41 PM","Jan 2011","Arrival","International","Freight","43,452"
"2018 Apr 18 03:12:41 PM","Oct 2014","Departure","International","Mail","1,347"
"2019 Apr 29 01:10:30 PM","Nov 2017","Arrival","International","Freight","78,753"
"2018 Dec 26 06:52:40 AM","Nov 2018","Arrival","Domestic","Mail","2,726"
"2018 Apr 18 03:12:41 PM","May 2014","Arrival","International","Freight","56,207"
"2020 Aug 27 07:15:54 AM","Jul 2020","Departure","Domestic","Freight","36,121"
"2019 Jun 24 01:17:06 PM","May 2019","Arrival","International","Freight","73,469"
"2019 Jun 24 01:17:06 PM","May 2019","Departure","Domestic","Mail","3,962"
"2018 Apr 18 03:12:41 PM","Sep 2011","Arrival","International","Mail","555"
"2018 Apr 18 03:12:41 PM","May 2009","Departure","Domestic","Freight","29,818"
"2018 Nov 25 11:40:39 AM","Oct 2018","Departure","Domestic","Freight","40,902"
"2018 Apr 18 03:12:41 PM","Apr 2014","Arrival","Domestic","Freight","29,398"
"2020 Apr 08 09:58:08 AM","Feb 2020","Arrival","Domestic","Freight","20,640"
"2018 Apr 18 03:12:41 PM","Jan 2011","Departure","International","Mail","1,917"
"2020 Oct 27 08:53:01 AM","Aug 2020","Departure","Domestic","Freight","33,822"
"2019 Apr 29 01:10:30 PM","Aug 2017","Departure","International","Freight","50,895"
"2018 Apr 18 03:12:41 PM","Dec 2009","Arrival","Domestic","Mail","1,793"
"2018 Apr 18 03:12:41 PM","Sep 2015","Departure","International","Mail","1,131"
"2021 Jan 10 06:01:37 AM","Oct 2020","Departure","International","Mail","496"
"2019 Apr 10 06:01:25 AM","Mar 2019","Departure","Domestic","Mail","5,075"
"2018 Apr 18 03:12:41 PM","Dec 2013","Departure","International","Mail","1,597"
"2018 Apr 18 03:12:41 PM","Jun 2012","Departure","Domestic","Freight","34,248"
"2018 Apr 18 03:12:41 PM","Jan 2016","Arrival","International","Mail","1,429"
"2018 Apr 18 03:12:41 PM","Mar 2009","Arrival","Domestic","Mail","1,219"
"2018 Apr 18 03:12:41 PM","Oct 2014","Arrival","International","Freight","61,391"
"2018 Apr 18 03:12:41 PM","Jul 2008","Arrival","International","Mail","664"
"2018 Apr 18 03:12:41 PM","Apr 2006","Arrival","International","Mail","547"
"2020 Jan 22 06:57:11 AM","Dec 2019","Arrival","International","Mail","1,735"
"2018 Apr 18 03:12:41 PM","Sep 2015","Departure","Domestic","Freight","37,460"
"2018 Apr 18 03:12:41 PM","Mar 2017","Arrival","Domestic","Mail","2,953"
"2018 Apr 18 03:12:41 PM","Jun 2015","Arrival","Domestic","Mail","2,391"
"2018 Apr 18 03:12:41 PM","Dec 2015","Departure","Domestic","Mail","5,603"
"2018 Apr 18 03:12:41 PM","Oct 2009","Arrival","International","Freight","55,881"
"2018 Apr 18 03:12:41 PM","Nov 2010","Departure","Domestic","Mail","2,693"
"2018 Apr 18 03:12:41 PM","Oct 2008","Arrival","Domestic","Freight","29,722"
"2018 Apr 18 03:12:41 PM","Sep 2014","Departure","International","Mail","1,106"
"2018 Apr 18 03:12:41 PM","Aug 2006","Departure","International","Freight","38,239"
"2018 Apr 18 03:12:41 PM","Dec 2007","Arrival","Domestic","Freight","35,393"
"2018 Apr 18 03:12:41 PM","Aug 2014","Arrival","International","Mail","774"
"2019 Aug 23 03:41:00 PM","Jul 2019","Arrival","Domestic","Freight","28,553"
"2018 Apr 18 03:12:41 PM","Mar 2018","Departure","Domestic","Freight","39,036"
"2018 Apr 18 03:12:41 PM","Apr 2007","Departure","Domestic","Mail","2,111"
"2019 May 28 06:24:45 AM","Apr 2019","Departure","International","Mail","766"
"2018 Apr 18 03:12:41 PM","Dec 2009","Departure","Domestic","Freight","36,207"
"2020 Apr 29 07:14:24 AM","Mar 2020","Arrival","Domestic","Freight","30,218"
"2018 Apr 18 03:12:41 PM","Nov 2016","Arrival","International","Mail","1,539"
"2018 Apr 18 03:12:41 PM","Aug 2012","Departure","Domestic","Freight","32,810"
"2018 Apr 18 03:12:41 PM","Mar 2008","Arrival","International","Mail","707"
"2018 Apr 18 03:12:41 PM","Feb 2014","Arrival","International","Freight","34,457"
"2018 Apr 18 03:12:41 PM","Nov 2013","Arrival","International","Freight","53,653"
"2019 Apr 29 01:10:30 PM","Aug 2017","Arrival","International","Freight","74,421"
"2019 Mar 14 06:45:08 AM","Feb 2019","Departure","Domestic","Mail","4,860"
"2018 Apr 18 03:12:41 PM","Apr 2006","Departure","Domestic","Mail","2,279"
"2018 Apr 18 03:12:41 PM","Apr 2008","Arrival","International","Freight","50,366"
"2020 Sep 28 04:07:45 PM","Aug 2020","Arrival","International","Mail","781"
"2018 Apr 18 03:12:41 PM","Aug 2009","Departure","International","Freight","33,470"
"2018 Apr 18 03:12:41 PM","Dec 2012","Departure","International","Freight","38,981"
"2021 Mar 03 10:48:12 AM","Jan 2021","Departure","International","Freight","52,120"
"2018 Apr 18 03:12:41 PM","May 2007","Arrival","International","Freight","50,632"
"2018 Apr 18 03:12:41 PM","Feb 2012","Arrival","International","Mail","514"
"2018 Apr 18 03:12:41 PM","Aug 2016","Departure","Domestic","Mail","2,808"
"2018 Apr 18 03:12:41 PM","Mar 2010","Departure","Domestic","Mail","2,245"
"2018 Apr 18 03:12:41 PM","Aug 2009","Arrival","International","Mail","548"
"2018 Apr 18 03:12:41 PM","Mar 2006","Arrival","Domestic","Mail","2,659"
"2018 Apr 18 03:12:41 PM","Mar 2008","Departure","Domestic","Mail","2,207"
"2018 Apr 18 03:12:41 PM","Feb 2017","Departure","International","Freight","45,020"
"2018 Apr 18 03:12:41 PM","Sep 2009","Departure","Domestic","Freight","30,561"
"2018 Apr 18 03:12:41 PM","Nov 2014","Departure","International","Mail","1,457"
"2018 Apr 18 03:12:41 PM","Jul 2015","Arrival","Domestic","Mail","2,520"
"2018 Apr 18 03:12:41 PM","Jul 2011","Arrival","International","Freight","48,674"
"2018 Apr 18 03:12:41 PM","Oct 2010","Departure","International","Freight","42,190"
"2018 Apr 18 03:12:41 PM","Aug 2014","Arrival","Domestic","Mail","1,904"
"2018 Apr 18 03:12:41 PM","Jul 2007","Arrival","Domestic","Mail","913"
"2018 Apr 18 03:12:41 PM","Nov 2013","Arrival","International","Mail","951"
"2018 Apr 18 03:12:41 PM","Jan 2008","Arrival","Domestic","Mail","1,761"
"2020 Dec 07 01:58:36 PM","Oct 2020","Departure","International","Freight","56,675"
"2018 Apr 18 03:12:41 PM","Apr 2011","Arrival","International","Freight","51,792"
"2018 Apr 18 03:12:41 PM","Jun 2015","Departure","International","Freight","47,702"
"2018 Oct 29 10:20:51 AM","Sep 2018","Arrival","Domestic","Mail","2,528"
"2020 Sep 28 04:07:45 PM","Aug 2020","Departure","International","Mail","341"
"2018 Apr 18 03:12:41 PM","Jun 2011","Arrival","Domestic","Freight","29,410"
"2018 Apr 18 03:12:41 PM","Jan 2011","Arrival","International","Mail","510"
"2018 Apr 18 03:12:41 PM","Aug 2017","Arrival","Domestic","Freight","32,515"
"2018 Apr 18 03:12:41 PM","Jul 2006","Arrival","Domestic","Mail","1,761"
"2018 Apr 18 03:12:41 PM","Jun 2013","Departure","Domestic","Mail","1,796"
"2018 Apr 18 03:12:41 PM","Aug 2008","Departure","Domestic","Mail","2,111"
"2018 Apr 18 03:12:41 PM","Oct 2009","Arrival","International","Mail","728"
"2019 Sep 27 07:57:24 AM","Aug 2019","Departure","Domestic","Freight","34,327"
"2018 Apr 18 03:12:41 PM","Mar 2014","Departure","Domestic","Mail","2,250"
"2018 Apr 18 03:12:41 PM","Sep 2011","Arrival","Domestic","Freight","29,192"
"2018 Apr 18 03:12:41 PM","Oct 2013","Departure","International","Mail","1,392"
"2018 Apr 18 03:12:41 PM","Sep 2017","Arrival","Domestic","Freight","32,683"
"2018 Apr 18 03:12:41 PM","Mar 2015","Arrival","Domestic","Freight","31,646"
"2018 Apr 18 03:12:41 PM","Nov 2012","Departure","International","Mail","1,831"
"2018 Apr 18 03:12:41 PM","May 2011","Arrival","Domestic","Freight","28,741"
"2018 Apr 18 03:12:41 PM","Jul 2009","Departure","Domestic","Freight","30,568"
"2018 Apr 18 03:12:41 PM","Mar 2017","Arrival","International","Mail","1,793"
"2018 Apr 18 03:12:41 PM","Nov 2011","Arrival","International","Freight","51,700"
"2018 Apr 18 03:12:41 PM","Mar 2006","Departure","International","Freight","35,170"
"2018 Apr 18 03:12:41 PM","Aug 2009","Arrival","Domestic","Freight","28,796"
"2018 Apr 18 03:12:41 PM","Feb 2015","Departure","International","Mail","1,065"
"2018 Apr 18 03:12:41 PM","Mar 2013","Arrival","International","Freight","54,097"
"2018 Apr 18 03:12:41 PM","Jan 2009","Departure","Domestic","Freight","28,389"
"2018 Apr 18 03:12:41 PM","Apr 2011","Departure","International","Freight","38,672"
"2019 Jun 24 01:17:06 PM","May 2019","Arrival","Domestic","Freight","29,978"
"2018 Apr 18 03:12:41 PM","Apr 2016","Departure","Domestic","Mail","2,301"
"2020 Apr 08 09:58:08 AM","Feb 2020","Arrival","International","Mail","855"
"2018 Apr 18 03:12:41 PM","Mar 2006","Departure","Domestic","Freight","44,584"
"2018 Apr 18 03:12:41 PM","Nov 2006","Departure","Domestic","Mail","2,001"
"2020 Jun 29 07:20:39 AM","Apr 2020","Arrival","Domestic","Freight","28,969"
"2018 Apr 18 03:12:41 PM","Jul 2011","Arrival","Domestic","Freight","28,133"
"2018 Apr 18 03:12:41 PM","Sep 2006","Departure","International","Mail","2,559"
"2018 Apr 18 03:12:41 PM","Sep 2012","Departure","International","Mail","1,949"
"2018 Apr 18 03:12:41 PM","Feb 2012","Arrival","International","Freight","45,230"
"2018 Apr 18 03:12:41 PM","Jan 2007","Departure","Domestic","Freight","38,566"
"2020 Jul 10 06:01:26 AM","May 2020","Departure","International","Freight","45,852"
"2021 Mar 03 10:48:12 AM","Jan 2021","Departure","Domestic","Freight","39,285"
"2018 Apr 18 03:12:41 PM","Jun 2010","Arrival","Domestic","Mail","1,164"
"2018 Apr 18 03:12:41 PM","Sep 2010","Departure","Domestic","Mail","2,340"
"2018 Apr 18 03:12:41 PM","Nov 2007","Arrival","International","Mail","934"
"2018 Apr 18 03:12:41 PM","May 2008","Departure","International","Mail","1,180"
"2018 Apr 18 03:12:41 PM","Jul 2013","Departure","International","Freight","43,459"
"2020 Oct 27 08:53:01 AM","Aug 2020","Arrival","Domestic","Freight","39,597"
"2019 Apr 29 01:10:30 PM","Sep 2017","Arrival","International","Freight","72,960"
"2019 Jan 30 07:34:09 AM","Dec 2018","Departure","International","Mail","1,246"
"2018 Apr 18 03:12:41 PM","Mar 2016","Departure","International","Freight","50,913"
"2018 Apr 18 03:12:41 PM","Jun 2014","Departure","International","Mail","1,181"
"2021 Jan 10 06:01:37 AM","Jul 2020","Departure","International","Mail","332"
"2018 Apr 18 03:12:41 PM","Mar 2018","Arrival","Domestic","Mail","2,828"
"2018 Apr 18 03:12:41 PM","Jan 2006","Departure","Domestic","Freight","36,702"
"2018 Apr 18 03:12:41 PM","Jan 2017","Departure","Domestic","Freight","32,514"
"2018 Apr 18 03:12:41 PM","May 2016","Departure","International","Mail","1,017"
"2018 Apr 18 03:12:41 PM","Mar 2008","Arrival","International","Freight","51,958"
"2018 Jul 16 02:36:06 PM","Jun 2018","Arrival","International","Mail","1,413"
"2018 Apr 18 03:12:41 PM","Feb 2008","Departure","International","Freight","32,161"
"2018 Apr 18 03:12:41 PM","May 2015","Departure","International","Mail","1,442"
"2018 Apr 18 03:12:41 PM","Jun 2017","Departure","International","Freight","53,675"
"2018 Apr 18 03:12:41 PM","Mar 2006","Departure","International","Mail","1,053"
"2018 Apr 18 03:12:41 PM","Feb 2006","Departure","International","Freight","31,394"
"2018 Apr 18 03:12:41 PM","Mar 2011","Arrival","Domestic","Mail","1,753"
"2018 Apr 18 03:12:41 PM","Jul 2012","Arrival","International","Freight","47,855"
"2018 Apr 18 03:12:41 PM","Sep 2016","Arrival","International","Freight","67,296"
"2019 Apr 10 06:01:25 AM","Mar 2019","Arrival","Domestic","Mail","3,649"
"2019 Apr 29 01:10:30 PM","Sep 2017","Departure","International","Freight","46,819"
"2018 Apr 18 03:12:41 PM","Dec 2009","Arrival","International","Mail","1,064"
"2018 Apr 18 03:12:41 PM","Jun 2007","Arrival","International","Freight","52,102"
"2018 Apr 18 03:12:41 PM","May 2007","Departure","Domestic","Mail","1,649"
"2021 Feb 02 08:17:02 AM","Nov 2020","Departure","Domestic","Freight","38,021"
"2021 Feb 02 08:17:02 AM","Dec 2020","Arrival","International","Freight","85,694"
"2018 Apr 18 03:12:41 PM","Jul 2007","Arrival","International","Mail","706"
"2018 Apr 18 03:12:41 PM","Aug 2015","Arrival","Domestic","Freight","29,341"
"2018 Apr 18 03:12:41 PM","Jun 2006","Arrival","Domestic","Mail","2,078"
"2018 Apr 18 03:12:41 PM","May 2011","Departure","International","Freight","41,927"
"2018 Apr 18 03:12:41 PM","Dec 2006","Departure","International","Mail","1,565"
"2018 Apr 18 03:12:41 PM","Mar 2011","Departure","International","Mail","2,135"
"2018 Apr 18 03:12:41 PM","Dec 2013","Arrival","International","Freight","46,996"
"2018 Apr 18 03:12:41 PM","Apr 2017","Departure","International","Mail","1,003"
"2018 Apr 18 03:12:41 PM","Nov 2009","Arrival","Domestic","Mail","1,435"
"2020 Oct 27 08:53:01 AM","Sep 2020","Departure","International","Mail","454"
"2018 Apr 18 03:12:41 PM","Aug 2008","Departure","International","Mail","1,230"
"2021 Jan 10 06:01:37 AM","Jul 2020","Arrival","International","Mail","1,071"
"2020 Jun 29 07:20:39 AM","May 2020","Arrival","International","Mail","1,273"
"2018 Apr 18 03:12:41 PM","Dec 2014","Arrival","International","Mail","1,135"
"2020 Dec 07 01:58:36 PM","Oct 2020","Departure","Domestic","Mail","5,636"
"2018 Apr 18 03:12:41 PM","Jan 2015","Arrival","International","Freight","54,420"
"2018 Apr 18 03:12:41 PM","May 2008","Arrival","International","Freight","48,942"
"2018 Apr 18 03:12:41 PM","Dec 2014","Departure","International","Freight","41,804"
"2018 Apr 18 03:12:41 PM","Feb 2010","Arrival","Domestic","Mail","1,224"
"2018 Apr 18 03:12:41 PM","Jul 2015","Departure","International","Freight","47,631"
"2021 Jan 10 06:01:37 AM","Oct 2020","Arrival","International","Freight","91,841"
"2020 Jan 02 10:43:42 AM","Nov 2019","Departure","Domestic","Freight","33,348"
"2018 Apr 18 03:12:41 PM","Mar 2012","Arrival","International","Mail","592"
"2018 Apr 18 03:12:41 PM","Feb 2006","Arrival","International","Freight","45,767"
"2020 Apr 29 07:14:24 AM","Mar 2020","Departure","Domestic","Mail","5,096"
"2019 Apr 29 01:10:30 PM","Mar 2018","Departure","International","Freight","57,973"
"2018 Apr 18 03:12:41 PM","May 2009","Arrival","International","Mail","755"
"2018 Apr 18 03:12:41 PM","Dec 2013","Departure","International","Freight","39,704"
"2018 Apr 18 03:12:41 PM","Oct 2017","Departure","International","Mail","1,104"
"2018 Apr 18 03:12:41 PM","May 2011","Arrival","International","Mail","513"
"2018 Apr 18 03:12:41 PM","Feb 2016","Departure","Domestic","Mail","2,480"
"2018 Apr 18 03:12:41 PM","Dec 2008","Departure","International","Mail","1,375"
"2018 Apr 18 03:12:41 PM","Jun 2015","Departure","Domestic","Freight","34,419"
"2018 Jul 11 02:24:22 PM","May 2018","Arrival","International","Mail","1,591"
"2019 Jul 18 06:18:08 AM","Jun 2019","Departure","Domestic","Freight","33,017"
"2020 Feb 28 08:21:30 AM","Jan 2020","Departure","Domestic","Freight","29,697"
"2018 Apr 18 03:12:41 PM","Jan 2012","Arrival","Domestic","Mail","2,014"
"2018 Apr 18 03:12:41 PM","Jul 2011","Departure","Domestic","Freight","29,634"
"2018 Apr 18 03:12:41 PM","Jan 2017","Arrival","International","Freight","60,522"
"2018 Apr 18 03:12:41 PM","Mar 2012","Departure","Domestic","Mail","2,711"
"2018 Apr 18 03:12:41 PM","Oct 2008","Arrival","Domestic","Mail","1,755"
"2018 Apr 18 03:12:41 PM","Jan 2009","Departure","International","Mail","986"
"2018 Apr 18 03:12:41 PM","Apr 2017","Departure","Domestic","Freight","35,882"
"2018 Apr 18 03:12:41 PM","Apr 2010","Departure","International","Mail","1,314"
"2018 Apr 18 03:12:41 PM","Jun 2013","Departure","International","Mail","1,646"
"2018 Apr 18 03:12:41 PM","Sep 2011","Departure","International","Freight","41,014"
"2018 Apr 18 03:12:41 PM","Aug 2014","Departure","International","Freight","47,558"
"2019 Jan 30 07:34:09 AM","Dec 2018","Arrival","Domestic","Mail","4,324"
"2018 Apr 18 03:12:41 PM","Nov 2011","Departure","International","Mail","2,121"
"2018 Apr 18 03:12:41 PM","Mar 2014","Departure","International","Mail","1,149"
"2018 Apr 18 03:12:41 PM","Mar 2009","Arrival","International","Freight","41,191"
"2018 Apr 18 03:12:41 PM","Feb 2010","Departure","Domestic","Mail","2,059"
"2018 Apr 18 03:12:41 PM","Mar 2016","Arrival","International","Mail","1,366"
"2018 Apr 18 03:12:41 PM","Jul 2008","Arrival","International","Freight","51,909"
"2018 Sep 26 09:27:08 AM","Aug 2018","Departure","International","Mail","969"
"2019 Nov 26 01:26:41 PM","Oct 2019","Arrival","Domestic","Freight","29,794"
"2018 Apr 18 03:12:41 PM","Jul 2006","Departure","International","Mail","990"
"2018 Apr 18 03:12:41 PM","Oct 2010","Departure","International","Mail","1,918"
"2019 Apr 29 01:10:30 PM","May 2018","Arrival","International","Freight","79,545"
"2018 Apr 18 03:12:41 PM","Jul 2010","Departure","International","Freight","37,394"
"2018 Apr 18 03:12:41 PM","Feb 2009","Arrival","International","Mail","687"
"2018 Apr 18 03:12:41 PM","Jan 2008","Arrival","Domestic","Freight","31,711"
"2018 Apr 18 03:12:41 PM","Dec 2015","Departure","International","Freight","42,391"
"2018 Apr 18 03:12:41 PM","Nov 2016","Departure","International","Freight","45,862"
"2018 Apr 18 03:12:41 PM","Aug 2009","Departure","International","Mail","937"
"2018 Apr 18 03:12:41 PM","Dec 2006","Arrival","International","Freight","56,553"
"2020 Apr 08 09:58:08 AM","Feb 2020","Departure","International","Mail","708"
"2018 Apr 18 03:12:41 PM","Aug 2014","Departure","Domestic","Mail","2,076"
"2018 Apr 18 03:12:41 PM","Oct 2012","Departure","Domestic","Mail","2,782"
"2019 Apr 29 01:10:30 PM","Feb 2019","Arrival","International","Freight","48,953"
"2018 Apr 18 03:12:41 PM","Jun 2008","Arrival","Domestic","Mail","1,736"
"2018 Apr 18 03:12:41 PM","May 2010","Departure","International","Freight","36,738"
"2018 Apr 18 03:12:41 PM","Oct 2009","Departure","Domestic","Mail","3,758"
"2021 Jan 10 06:01:37 AM","Jul 2020","Arrival","Domestic","Freight","38,586"
"2018 Apr 18 03:12:41 PM","Oct 2012","Departure","International","Mail","2,091"
"2019 Apr 29 01:10:30 PM","Oct 2017","Departure","International","Freight","50,056"
"2018 Apr 18 03:12:41 PM","Apr 2013","Arrival","International","Freight","49,766"
"2018 Apr 18 03:12:41 PM","Oct 2008","Arrival","International","Freight","50,874"
"2018 Apr 18 03:12:41 PM","Apr 2008","Departure","Domestic","Freight","34,579"
"2018 Apr 18 03:12:41 PM","Dec 2008","Arrival","International","Freight","33,879"
"2018 Apr 18 03:12:41 PM","May 2006","Departure","International","Mail","954"
"2018 Apr 18 03:12:41 PM","Apr 2011","Departure","Domestic","Freight","29,879"
"2018 Apr 18 03:12:41 PM","Jan 2009","Departure","Domestic","Mail","2,154"
"2018 Apr 18 03:12:41 PM","May 2007","Departure","Domestic","Freight","40,136"
"2018 Apr 18 03:12:41 PM","Dec 2010","Arrival","Domestic","Mail","2,069"
"2018 Apr 18 03:12:41 PM","Aug 2008","Arrival","International","Freight","49,408"
"2018 Apr 18 03:12:41 PM","Jul 2010","Arrival","International","Freight","60,309"
"2018 Apr 18 03:12:41 PM","Mar 2016","Departure","Domestic","Freight","38,875"
"2018 Nov 25 11:40:39 AM","Oct 2018","Arrival","Domestic","Mail","2,500"
"2018 Apr 18 03:12:41 PM","Aug 2008","Departure","Domestic","Freight","31,244"
"2018 Apr 18 03:12:41 PM","Jan 2012","Departure","Domestic","Freight","29,735"
"2018 Apr 18 03:12:41 PM","Feb 2011","Arrival","International","Freight","37,030"
"2018 Apr 18 03:12:41 PM","Feb 2015","Departure","International","Freight","41,669"
"2019 Apr 29 01:10:30 PM","Mar 2019","Departure","International","Freight","54,239"
"2018 Apr 18 03:12:41 PM","Dec 2008","Arrival","Domestic","Freight","27,395"
"2018 Apr 18 03:12:41 PM","Dec 2017","Departure","Domestic","Mail","6,755"
"2021 Apr 01 09:37:48 AM","Feb 2021","Departure","International","Freight","53,783"
"2018 Apr 18 03:12:41 PM","Aug 2008","Arrival","International","Mail","640"
"2018 Apr 18 03:12:41 PM","Aug 2012","Departure","International","Mail","1,991"
"2018 Apr 18 03:12:41 PM","Aug 2011","Arrival","Domestic","Freight","29,277"
"2018 Apr 18 03:12:41 PM","Sep 2013","Departure","Domestic","Freight","31,506"
"2018 Apr 18 03:12:41 PM","Jul 2015","Arrival","International","Freight","56,583"
"2021 Feb 02 08:17:02 AM","Nov 2020","Arrival","Domestic","Mail","3,361"
"2018 Apr 18 03:12:41 PM","Apr 2010","Arrival","International","Freight","61,520"
"2018 Apr 18 03:12:41 PM","Apr 2008","Departure","Domestic","Mail","2,390"
"2018 Apr 18 03:12:41 PM","Jan 2015","Arrival","Domestic","Mail","2,505"
"2018 Apr 18 03:12:41 PM","Sep 2007","Departure","Domestic","Freight","35,253"
"2018 Apr 18 03:12:41 PM","Mar 2009","Departure","Domestic","Freight","30,555"
"2020 Aug 03 07:35:04 AM","Jun 2020","Departure","International","Mail","630"
"2020 Aug 03 07:35:04 AM","Jun 2020","Arrival","Domestic","Mail","3,911"
"2018 Apr 18 03:12:41 PM","Mar 2007","Arrival","International","Freight","55,684"
"2018 Apr 18 03:12:41 PM","Dec 2015","Arrival","International","Mail","1,633"
"2018 Apr 18 03:12:41 PM","May 2009","Arrival","Domestic","Mail","1,097"
"2018 Apr 18 03:12:41 PM","Sep 2006","Departure","Domestic","Mail","1,870"
"2018 Apr 18 03:12:41 PM","Feb 2011","Departure","International","Mail","1,772"
"2018 Apr 18 03:12:41 PM","May 2017","Arrival","International","Freight","75,062"
"2018 Apr 18 03:12:41 PM","May 2011","Departure","Domestic","Mail","2,523"
"2018 Apr 18 03:12:41 PM","Sep 2011","Arrival","Domestic","Mail","1,687"
"2018 Apr 18 03:12:41 PM","Apr 2013","Arrival","International","Mail","688"
"2018 Apr 18 03:12:41 PM","Jan 2013","Arrival","Domestic","Mail","1,230"
"2018 Apr 18 03:12:41 PM","Sep 2009","Departure","International","Mail","869"
"2018 Apr 18 03:12:41 PM","Apr 2008","Departure","International","Freight","35,880"
"2018 Apr 18 03:12:41 PM","Jan 2006","Departure","International","Freight","31,748"
"2018 Apr 18 03:12:41 PM","Mar 2009","Arrival","International","Mail","686"
"2019 Apr 29 01:10:30 PM","Jan 2019","Arrival","International","Freight","61,347"
"2018 Apr 18 03:12:41 PM","Jun 2010","Arrival","International","Freight","59,813"
"2018 Apr 18 03:12:41 PM","Oct 2016","Arrival","International","Mail","1,319"
"2018 Apr 18 03:12:41 PM","Jun 2014","Departure","Domestic","Mail","1,798"
"2019 Mar 01 11:09:59 AM","Jan 2019","Arrival","Domestic","Freight","31,926"
"2018 Apr 18 03:12:41 PM","Feb 2006","Arrival","International","Mail","564"
"2018 Apr 18 03:12:41 PM","Aug 2016","Arrival","Domestic","Mail","2,543"
"2018 Apr 18 03:12:41 PM","Dec 2012","Arrival","Domestic","Mail","1,196"
"2018 Apr 18 03:12:41 PM","Sep 2011","Departure","Domestic","Mail","2,165"
"2018 Apr 18 03:12:41 PM","Dec 2012","Departure","International","Mail","2,022"
"2018 Apr 18 03:12:41 PM","Jun 2016","Arrival","Domestic","Freight","30,400"
"2018 Apr 18 03:12:41 PM","Nov 2014","Departure","Domestic","Mail","2,542"
"2018 Apr 18 03:12:41 PM","Dec 2009","Departure","Domestic","Mail","3,284"
"2018 Apr 18 03:12:41 PM","Aug 2012","Departure","International","Freight","44,902"
"2018 Apr 18 03:12:41 PM","Jul 2008","Departure","International","Mail","1,122"
"2018 Apr 18 03:12:41 PM","Apr 2014","Arrival","International","Mail","788"
"2018 Apr 18 03:12:41 PM","Dec 2007","Arrival","International","Mail","1,060"
"2018 Apr 18 03:12:41 PM","Jun 2012","Arrival","International","Mail","561"
"2020 Dec 07 01:58:36 PM","Oct 2020","Arrival","Domestic","Freight","39,198"
"2018 Sep 26 09:27:08 AM","Jul 2018","Departure","International","Mail","912"
"2018 Apr 18 03:12:41 PM","Jul 2017","Arrival","Domestic","Freight","30,519"
"2018 Apr 18 03:12:41 PM","Nov 2016","Arrival","Domestic","Freight","33,159"
"2018 Apr 18 03:12:41 PM","Jun 2009","Arrival","Domestic","Freight","25,939"
"2018 Apr 18 03:12:41 PM","Mar 2008","Departure","International","Freight","37,915"
"2018 Apr 18 03:12:41 PM","Aug 2016","Arrival","International","Freight","64,781"
"2018 Apr 18 03:12:41 PM","Jun 2017","Arrival","Domestic","Mail","2,765"
"2018 Apr 18 03:12:41 PM","Dec 2011","Arrival","International","Mail","817"
"2018 Apr 18 03:12:41 PM","May 2012","Arrival","Domestic","Freight","33,063"
"2018 Jul 12 02:24:30 PM","Jun 2018","Departure","Domestic","Mail","3,230"
"2018 Apr 18 03:12:41 PM","Sep 2006","Arrival","International","Mail","557"
"2019 Nov 26 01:26:41 PM","Oct 2019","Arrival","Domestic","Mail","3,917"
"2018 Apr 18 03:12:41 PM","Jul 2009","Departure","International","Freight","33,768"
"2018 Apr 18 03:12:41 PM","Jan 2008","Arrival","International","Mail","1,462"
"2018 Apr 18 03:12:41 PM","Jul 2010","Arrival","Domestic","Mail","1,103"
"2020 Oct 27 08:53:01 AM","Aug 2020","Departure","Domestic","Mail","5,634"
"2018 Apr 18 03:12:41 PM","Aug 2012","Arrival","International","Mail","927"
"2018 Apr 18 03:12:41 PM","Apr 2010","Arrival","International","Mail","524"
"2018 Apr 18 03:12:41 PM","Sep 2009","Arrival","Domestic","Mail","1,242"
"2018 Apr 18 03:12:41 PM","May 2014","Departure","Domestic","Mail","2,207"
"2018 Apr 18 03:12:41 PM","Apr 2009","Departure","Domestic","Freight","29,598"
"2018 Apr 18 03:12:41 PM","Oct 2015","Arrival","International","Mail","1,483"
"2018 Apr 18 03:12:41 PM","Jun 2006","Arrival","International","Freight","53,983"
"2018 Apr 18 03:12:41 PM","Jun 2014","Arrival","Domestic","Freight","29,851"
"2018 Apr 18 03:12:41 PM","Jul 2010","Arrival","Domestic","Freight","30,959"
"2018 Apr 18 03:12:41 PM","Dec 2013","Arrival","International","Mail","1,079"
"2020 Jan 02 10:43:42 AM","Nov 2019","Arrival","Domestic","Freight","29,237"
"2018 Apr 18 03:12:41 PM","Jan 2018","Departure","Domestic","Mail","3,886"
"2018 Apr 18 03:12:41 PM","Sep 2008","Departure","International","Mail","900"
"2020 Jun 29 07:20:39 AM","May 2020","Departure","Domestic","Freight","33,622"
"2018 Apr 18 03:12:41 PM","Jul 2006","Departure","International","Freight","35,693"
"2018 Apr 18 03:12:41 PM","Nov 2011","Departure","Domestic","Mail","2,357"
"2019 Mar 01 11:09:59 AM","Jan 2019","Arrival","International","Mail","1,359"
"2018 Apr 18 03:12:41 PM","May 2016","Arrival","International","Freight","61,988"
"2018 Apr 18 03:12:41 PM","Jan 2010","Departure","Domestic","Freight","29,574"
"2018 Apr 18 03:12:41 PM","Jan 2014","Arrival","International","Freight","43,299"
"2018 Apr 18 03:12:41 PM","Jul 2008","Departure","International","Freight","36,329"
"2020 Jun 29 07:20:39 AM","May 2020","Arrival","Domestic","Mail","3,793"
"2019 Nov 10 06:01:31 AM","Sep 2019","Arrival","Domestic","Freight","27,313"
"2018 Apr 18 03:12:41 PM","Sep 2017","Departure","International","Mail","983"
"2018 Apr 18 03:12:41 PM","Jan 2017","Departure","Domestic","Mail","3,133"
"2018 Apr 18 03:12:41 PM","Jul 2006","Arrival","International","Mail","479"
"2018 Apr 18 03:12:41 PM","Jul 2008","Departure","Domestic","Freight","32,010"
"2018 Apr 18 03:12:41 PM","Jul 2017","Departure","Domestic","Freight","34,142"
"2018 Apr 18 03:12:41 PM","Sep 2013","Arrival","International","Freight","50,327"
"2018 Apr 18 03:12:41 PM","Sep 2013","Arrival","Domestic","Mail","1,816"
"2018 Apr 18 03:12:41 PM","Oct 2016","Arrival","International","Freight","76,266"
"2018 Apr 18 03:12:41 PM","Sep 2007","Departure","International","Mail","1,149"
"2018 Apr 18 03:12:41 PM","Dec 2017","Arrival","Domestic","Mail","4,485"
"2018 Apr 18 03:12:41 PM","May 2015","Arrival","International","Mail","866"
"2018 Apr 18 03:12:41 PM","Jan 2007","Arrival","Domestic","Mail","1,906"
"2018 Apr 18 03:12:41 PM","Apr 2015","Arrival","Domestic","Freight","28,652"
"2018 Apr 18 03:12:41 PM","Aug 2011","Arrival","Domestic","Mail","1,389"
"2018 Apr 18 03:12:41 PM","Jun 2012","Departure","Domestic","Mail","2,928"
"2018 Apr 18 03:12:41 PM","Jul 2015","Departure","International","Mail","1,127"
"2019 Apr 29 01:10:30 PM","Mar 2019","Arrival","International","Mail","1,465"
"2018 Apr 18 03:12:41 PM","Jul 2015","Departure","Domestic","Freight","35,797"
"2020 Jun 01 07:57:59 AM","Apr 2020","Departure","International","Mail","791"
"2018 Apr 18 03:12:41 PM","Jan 2018","Arrival","International","Mail","1,849"
"2018 Apr 18 03:12:41 PM","Sep 2012","Arrival","International","Mail","592"
"2018 Apr 18 03:12:41 PM","Jul 2014","Arrival","International","Freight","55,234"
"2018 Apr 18 03:12:41 PM","Jan 2017","Arrival","Domestic","Freight","29,086"
"2018 Apr 18 03:12:41 PM","Mar 2007","Arrival","Domestic","Freight","42,067"
"2019 Sep 27 07:57:24 AM","Aug 2019","Arrival","Domestic","Mail","3,812"
"2018 Apr 18 03:12:41 PM","Aug 2007","Departure","Domestic","Mail","1,389"
"2018 Apr 18 03:12:41 PM","Apr 2009","Departure","International","Freight","27,802"
"2020 Feb 28 08:21:30 AM","Jan 2020","Arrival","International","Freight","63,828"
"2018 Apr 18 03:12:41 PM","Jan 2006","Arrival","Domestic","Mail","3,209"
"2018 Apr 18 03:12:41 PM","Nov 2016","Departure","Domestic","Freight","36,564"
"2018 Apr 18 03:12:41 PM","Aug 2016","Departure","International","Freight","46,930"
"2018 Apr 18 03:12:41 PM","May 2009","Arrival","International","Freight","40,720"
"2020 Apr 29 07:14:24 AM","Mar 2020","Arrival","International","Freight","67,748"
"2018 Apr 18 03:12:41 PM","Dec 2015","Departure","Domestic","Freight","39,971"
"2018 Apr 18 03:12:41 PM","Oct 2016","Departure","International","Mail","1,040"
"2018 Apr 18 03:12:41 PM","Dec 2016","Departure","International","Freight","47,441"
"2018 Apr 18 03:12:41 PM","Feb 2013","Departure","Domestic","Mail","1,431"
"2020 Jun 01 07:57:59 AM","Apr 2020","Arrival","Domestic","Mail","4,571"
"2019 Nov 10 06:01:31 AM","Sep 2019","Arrival","Domestic","Mail","3,351"
"2018 Apr 18 03:12:41 PM","Jun 2011","Departure","Domestic","Mail","2,388"
"2018 Apr 18 03:12:41 PM","Jan 2016","Departure","Domestic","Mail","2,943"
"2018 Apr 18 03:12:41 PM","Nov 2006","Departure","International","Freight","33,557"
"2018 Apr 18 03:12:41 PM","Mar 2011","Departure","Domestic","Mail","2,678"
"2018 Dec 26 06:52:40 AM","Nov 2018","Arrival","International","Mail","2,104"
"2018 Apr 18 03:12:41 PM","Apr 2017","Departure","International","Freight","45,850"
"2018 Apr 18 03:12:41 PM","Aug 2017","Arrival","International","Mail","1,580"
"2018 Apr 18 03:12:41 PM","Sep 2009","Departure","Domestic","Mail","1,814"
"2018 Apr 18 03:12:41 PM","Aug 2006","Arrival","International","Freight","57,072"
"2018 Apr 18 03:12:41 PM","May 2009","Departure","Domestic","Mail","1,711"
"2018 Apr 18 03:12:41 PM","Jan 2015","Departure","International","Freight","45,791"
"2018 Jul 16 02:36:06 PM","Jun 2018","Arrival","Domestic","Freight","28,414"
"2018 Apr 18 03:12:41 PM","Oct 2016","Arrival","Domestic","Freight","34,499"
"2018 Apr 18 03:12:41 PM","Sep 2017","Arrival","International","Mail","1,589"
"2018 Apr 18 03:12:41 PM","Feb 2011","Arrival","International","Mail","492"
"2018 Apr 18 03:12:41 PM","Dec 2013","Arrival","Domestic","Freight","31,540"
"2020 Aug 03 07:35:04 AM","Jun 2020","Arrival","Domestic","Freight","37,729"
"2018 Apr 18 03:12:41 PM","Jan 2012","Arrival","Domestic","Freight","27,060"
"2018 Apr 18 03:12:41 PM","Feb 2011","Departure","Domestic","Freight","28,786"
"2018 Apr 18 03:12:41 PM","May 2009","Departure","International","Mail","949"
"2020 Jul 10 06:01:26 AM","May 2020","Arrival","International","Freight","83,806"
"2018 Apr 18 03:12:41 PM","Dec 2011","Departure","Domestic","Mail","3,422"
"2018 Apr 18 03:12:41 PM","Jan 2008","Arrival","International","Freight","46,107"
"2018 Apr 18 03:12:41 PM","Sep 2009","Arrival","International","Freight","49,242"
"2018 Apr 18 03:12:41 PM","Jan 2009","Arrival","Domestic","Mail","1,645"
"2019 Sep 27 07:57:24 AM","Aug 2019","Departure","Domestic","Mail","5,076"
"2018 Apr 18 03:12:41 PM","Oct 2006","Departure","International","Freight","37,607"
"2019 Jun 24 01:17:06 PM","May 2019","Departure","International","Mail","1,706"
"2018 Apr 18 03:12:41 PM","Aug 2006","Departure","Domestic","Freight","40,147"
"2018 Apr 18 03:12:41 PM","Mar 2012","Arrival","Domestic","Freight","34,680"
"2018 Apr 18 03:12:41 PM","Jan 2006","Arrival","International","Mail","548"
"2018 Apr 18 03:12:41 PM","Jan 2010","Departure","Domestic","Mail","2,623"
"2019 Sep 27 07:57:24 AM","Aug 2019","Departure","International","Freight","50,628"
"2018 Apr 18 03:12:41 PM","Mar 2015","Arrival","International","Freight","67,283"
"2018 Apr 18 03:12:41 PM","Aug 2010","Departure","International","Freight","37,311"
"2018 Apr 18 03:12:41 PM","Jul 2013","Departure","International","Mail","1,547"
"2018 Apr 18 03:12:41 PM","May 2008","Departure","International","Freight","38,660"
"2018 Apr 18 03:12:41 PM","Dec 2013","Departure","Domestic","Freight","36,529"
"2018 Apr 18 03:12:41 PM","Mar 2011","Arrival","International","Freight","54,594"
"2018 Apr 18 03:12:41 PM","Mar 2011","Departure","International","Freight","37,436"
"2018 Apr 18 03:12:41 PM","Feb 2008","Departure","Domestic","Mail","2,330"
"2018 Apr 18 03:12:41 PM","Sep 2013","Departure","International","Mail","3,384"
"2020 Feb 28 08:21:30 AM","Dec 2019","Arrival","International","Freight","71,979"
"2018 Apr 18 03:12:41 PM","Jun 2011","Arrival","Domestic","Mail","1,456"
"2018 Apr 18 03:12:41 PM","Jan 2015","Departure","Domestic","Freight","33,249"
"2018 Apr 18 03:12:41 PM","Jan 2016","Arrival","Domestic","Mail","2,613"
"2018 Apr 18 03:12:41 PM","Jul 2007","Departure","Domestic","Mail","1,425"
"2018 Sep 26 09:27:08 AM","Aug 2018","Departure","Domestic","Mail","3,285"
"2018 Apr 18 03:12:41 PM","Jan 2008","Departure","Domestic","Mail","2,537"
"2018 Apr 18 03:12:41 PM","Sep 2008","Departure","International","Freight","31,410"
"2018 Apr 18 03:12:41 PM","Mar 2016","Arrival","International","Freight","59,366"
"2018 Apr 18 03:12:41 PM","May 2013","Departure","Domestic","Freight","35,943"
"2018 Apr 18 03:12:41 PM","Mar 2010","Arrival","International","Mail","665"
"2018 Apr 18 03:12:41 PM","Aug 2007","Departure","International","Mail","1,115"
"2019 Aug 23 03:41:00 PM","Jul 2019","Departure","Domestic","Freight","34,233"
"2018 Apr 18 03:12:41 PM","Mar 2006","Arrival","International","Mail","671"
"2019 Mar 01 11:09:59 AM","Jan 2019","Departure","International","Mail","899"
"2018 Apr 18 03:12:41 PM","Jan 2016","Departure","International","Freight","39,561"
"2021 Feb 02 08:17:02 AM","Nov 2020","Arrival","International","Mail","1,335"
"2018 Apr 18 03:12:41 PM","Nov 2009","Departure","Domestic","Freight","31,890"
"2018 Apr 18 03:12:41 PM","Nov 2013","Departure","Domestic","Freight","34,119"
"2019 Mar 14 06:45:08 AM","Feb 2019","Departure","International","Mail","738"
"2018 Apr 18 03:12:41 PM","Dec 2006","Arrival","Domestic","Mail","2,042"
"2018 Apr 18 03:12:41 PM","Oct 2012","Arrival","International","Freight","56,285"
"2018 Apr 18 03:12:41 PM","Dec 2015","Arrival","Domestic","Mail","4,370"
"2018 Apr 18 03:12:41 PM","Oct 2012","Arrival","International","Mail","682"
"2018 Apr 18 03:12:41 PM","Oct 2016","Departure","Domestic","Mail","2,929"
"2018 Apr 18 03:12:41 PM","Jul 2012","Arrival","Domestic","Mail","1,863"
"2018 Apr 18 03:12:41 PM","Apr 2006","Departure","International","Mail","1,472"
"2018 Apr 18 03:12:41 PM","Jan 2011","Arrival","Domestic","Mail","1,818"
"2018 Apr 18 03:12:41 PM","Nov 2007","Arrival","Domestic","Freight","36,853"
"2018 Apr 18 03:12:41 PM","Jul 2010","Departure","Domestic","Mail","2,671"
"2018 Apr 18 03:12:41 PM","Jun 2017","Arrival","International","Freight","74,550"
"2018 Apr 18 03:12:41 PM","Sep 2009","Arrival","Domestic","Freight","29,449"
"2018 Apr 18 03:12:41 PM","Apr 2006","Arrival","International","Freight","56,500"
"2018 Apr 18 03:12:41 PM","May 2009","Arrival","Domestic","Freight","26,900"
"2018 Apr 18 03:12:41 PM","Feb 2012","Arrival","Domestic","Freight","28,181"
"2018 Apr 18 03:12:41 PM","Sep 2010","Arrival","Domestic","Freight","30,399"
"2018 Apr 18 03:12:41 PM","Jan 2008","Departure","International","Mail","1,122"
"2019 Mar 14 06:45:08 AM","Feb 2019","Departure","Domestic","Freight","34,379"
"2018 Apr 18 03:12:41 PM","Nov 2009","Arrival","International","Freight","60,816"
"2018 Apr 18 03:12:41 PM","Jul 2012","Departure","Domestic","Freight","31,102"
"2018 Apr 18 03:12:41 PM","Jun 2013","Arrival","Domestic","Freight","28,802"
"2018 Apr 18 03:12:41 PM","Mar 2015","Arrival","Domestic","Mail","2,521"
"2020 Apr 29 07:14:24 AM","Mar 2020","Departure","Domestic","Freight","31,085"
"2018 Apr 18 03:12:41 PM","Sep 2015","Arrival","Domestic","Mail","2,505"
"2018 Apr 18 03:12:41 PM","Aug 2013","Arrival","International","Freight","50,478"
"2018 Apr 18 03:12:41 PM","Apr 2017","Arrival","International","Mail","1,610"
"2018 Apr 18 03:12:41 PM","Jan 2010","Arrival","International","Mail","748"
"2018 Apr 18 03:12:41 PM","Nov 2012","Arrival","Domestic","Freight","33,455"
"2019 Mar 01 11:09:59 AM","Jan 2019","Departure","International","Freight","41,629"
"2018 Apr 18 03:12:41 PM","Nov 2010","Arrival","Domestic","Mail","1,497"
"2018 Apr 18 03:12:41 PM","Sep 2014","Arrival","Domestic","Freight","28,251"
"2018 Apr 18 03:12:41 PM","Jul 2011","Departure","International","Freight","41,794"
"2018 Apr 18 03:12:41 PM","Apr 2006","Departure","International","Freight","30,295"
"2018 Apr 18 03:12:41 PM","Nov 2016","Departure","International","Mail","1,013"
"2018 Apr 18 03:12:41 PM","Nov 2007","Arrival","Domestic","Mail","1,689"
"2018 Apr 18 03:12:41 PM","Nov 2016","Arrival","Domestic","Mail","2,793"
"2019 Sep 27 07:57:24 AM","Aug 2019","Arrival","International","Freight","70,758"
"2018 Apr 18 03:12:41 PM","Nov 2012","Arrival","Domestic","Mail","2,028"
"2018 Apr 18 03:12:41 PM","Jul 2014","Departure","International","Freight","47,325"
"2018 Apr 18 03:12:41 PM","Jun 2014","Arrival","International","Freight","53,687"
"2020 Oct 27 08:53:01 AM","Aug 2020","Arrival","Domestic","Mail","4,127"
"2018 Apr 18 03:12:41 PM","Nov 2007","Departure","Domestic","Freight","38,555"
"2018 Apr 18 03:12:41 PM","Aug 2015","Departure","International","Mail","1,146"
"2018 Apr 18 03:12:41 PM","Jan 2009","Arrival","International","Freight","30,958"
"2018 Apr 18 03:12:41 PM","Feb 2012","Arrival","Domestic","Mail","1,788"
"2018 Apr 18 03:12:41 PM","Nov 2006","Arrival","International","Freight","56,786"
"2018 Apr 18 03:12:41 PM","Apr 2007","Arrival","International","Freight","51,087"
"2018 Apr 18 03:12:41 PM","Apr 2012","Departure","International","Freight","38,709"
"2018 Apr 18 03:12:41 PM","Jan 2007","Departure","Domestic","Mail","1,970"
"2018 Apr 18 03:12:41 PM","Dec 2012","Arrival","International","Freight","49,967"
"2018 Oct 29 10:20:51 AM","Sep 2018","Departure","International","Mail","976"
"2018 Apr 18 03:12:41 PM","Apr 2009","Arrival","International","Mail","703"
"2018 Apr 18 03:12:41 PM","Aug 2012","Arrival","Domestic","Mail","2,177"
"2018 Apr 18 03:12:41 PM","Feb 2013","Departure","International","Freight","35,617"
"2018 Apr 18 03:12:41 PM","Aug 2016","Arrival","Domestic","Freight","33,008"
"2018 Apr 18 03:12:41 PM","Oct 2009","Departure","Domestic","Freight","32,888"
"2018 Apr 18 03:12:41 PM","Mar 2010","Departure","International","Freight","38,680"
"2018 Apr 18 03:12:41 PM","Aug 2009","Departure","Domestic","Freight","29,708"
"2019 Jun 24 01:17:06 PM","May 2019","Arrival","International","Mail","1,316"
"2018 Apr 18 03:12:41 PM","Dec 2016","Departure","Domestic","Mail","6,436"
"2018 Apr 18 03:12:41 PM","Aug 2010","Departure","Domestic","Mail","2,332"
"2018 Apr 18 03:12:41 PM","Sep 2014","Departure","Domestic","Freight","33,028"
"2018 Apr 18 03:12:41 PM","Nov 2014","Arrival","International","Freight","67,328"
"2018 Apr 18 03:12:41 PM","Jun 2007","Departure","Domestic","Mail","1,977"
"2018 Apr 18 03:12:41 PM","Jun 2012","Departure","International","Freight","45,412"
"2018 Apr 18 03:12:41 PM","Jul 2017","Arrival","Domestic","Mail","2,809"
"2018 Apr 18 03:12:41 PM","Nov 2007","Departure","International","Mail","1,186"
"2018 Apr 18 03:12:41 PM","Jun 2016","Arrival","International","Mail","1,267"
"2018 Apr 18 03:12:41 PM","Jan 2017","Departure","International","Freight","42,361"
"2018 Apr 18 03:12:41 PM","Nov 2008","Arrival","Domestic","Mail","1,543"
"2018 Apr 18 03:12:41 PM","May 2017","Arrival","International","Mail","1,680"
"2018 Apr 18 03:12:41 PM","Feb 2007","Arrival","International","Freight","48,596"
"2018 Apr 18 03:12:41 PM","Feb 2010","Departure","Domestic","Freight","29,338"
"2018 Apr 18 03:12:41 PM","Apr 2007","Departure","International","Freight","33,383"
"2018 Apr 18 03:12:41 PM","Apr 2014","Departure","Domestic","Freight","33,912"
"2020 Oct 27 08:53:01 AM","Sep 2020","Arrival","Domestic","Freight","34,061"
"2018 Apr 18 03:12:41 PM","Oct 2010","Arrival","International","Mail","637"
"2020 Jan 02 10:43:42 AM","Nov 2019","Arrival","International","Freight","79,171"
"2018 Apr 18 03:12:41 PM","Mar 2015","Arrival","International","Mail","944"
"2019 May 28 06:24:45 AM","Apr 2019","Arrival","Domestic","Freight","29,680"
"2018 Apr 18 03:12:41 PM","May 2013","Arrival","International","Mail","747"
"2018 Apr 18 03:12:41 PM","Feb 2014","Arrival","Domestic","Mail","1,694"
"2018 Apr 18 03:12:41 PM","Mar 2013","Departure","International","Mail","4,497"
"2018 Apr 18 03:12:41 PM","Jun 2015","Arrival","International","Mail","898"
"2018 Apr 18 03:12:41 PM","Nov 2010","Arrival","Domestic","Freight","30,450"
"2018 Apr 18 03:12:41 PM","Jan 2010","Arrival","International","Freight","47,221"
"2018 Apr 18 03:12:41 PM","Feb 2017","Arrival","Domestic","Mail","2,567"
"2018 Apr 18 03:12:41 PM","Aug 2017","Arrival","Domestic","Mail","2,914"
"2018 Apr 18 03:12:41 PM","Oct 2011","Arrival","Domestic","Freight","30,434"
"2020 Jan 22 06:57:11 AM","Dec 2019","Departure","International","Mail","1,239"
"2018 Apr 18 03:12:41 PM","Jun 2006","Departure","Domestic","Mail","2,165"
"2020 Jan 02 10:43:42 AM","Nov 2019","Arrival","Domestic","Mail","3,732"
"2018 Apr 18 03:12:41 PM","Feb 2008","Arrival","International","Freight","41,545"
"2018 Apr 18 03:12:41 PM","May 2008","Departure","Domestic","Mail","2,276"
"2018 Apr 18 03:12:41 PM","Sep 2006","Arrival","International","Freight","65,728"
"2018 Apr 18 03:12:41 PM","Nov 2015","Arrival","International","Mail","1,613"
"2018 Apr 18 03:12:41 PM","Aug 2016","Departure","Domestic","Freight","36,351"
"2018 Apr 18 03:12:41 PM","Sep 2008","Arrival","Domestic","Mail","1,531"
"2018 Apr 18 03:12:41 PM","Oct 2011","Arrival","International","Mail","577"
"2018 Apr 18 03:12:41 PM","Jan 2013","Arrival","Domestic","Freight","31,180"
"2018 Apr 18 03:12:41 PM","Oct 2009","Arrival","Domestic","Mail","1,501"
"2018 Apr 18 03:12:41 PM","Sep 2013","Arrival","International","Mail","749"
"2018 Apr 18 03:12:41 PM","May 2012","Departure","Domestic","Mail","2,589"
"2018 Apr 18 03:12:41 PM","Dec 2016","Arrival","International","Mail","1,936"
"2018 Apr 18 03:12:41 PM","Jan 2009","Departure","International","Freight","23,569"
"2018 Apr 18 03:12:41 PM","Nov 2015","Departure","Domestic","Mail","2,395"
"2018 Apr 18 03:12:41 PM","Sep 2012","Arrival","Domestic","Mail","1,990"
"2019 Aug 26 02:40:52 PM","Jul 2019","Departure","International","Mail","739"
"2018 Apr 18 03:12:41 PM","Jan 2009","Arrival","Domestic","Freight","24,831"
"2018 Sep 26 09:27:08 AM","Aug 2018","Arrival","Domestic","Mail","2,581"
"2018 Aug 24 11:01:04 AM","Jul 2018","Departure","International","Freight","55,138"
"2018 Apr 18 03:12:41 PM","Jan 2011","Arrival","Domestic","Freight","28,176"
"2018 Apr 18 03:12:41 PM","Apr 2008","Departure","International","Mail","1,121"
"2018 Apr 18 03:12:41 PM","Feb 2018","Departure","International","Mail","917"
"2018 Apr 18 03:12:41 PM","Sep 2008","Arrival","International","Freight","48,853"
"2018 Apr 18 03:12:41 PM","Aug 2007","Arrival","International","Freight","56,310"
"2018 Apr 18 03:12:41 PM","Aug 2009","Arrival","Domestic","Mail","1,170"
"2018 Apr 18 03:12:41 PM","Jul 2017","Departure","Domestic","Mail","3,174"
"2018 Apr 18 03:12:41 PM","Apr 2012","Arrival","International","Freight","51,781"
"2018 Apr 18 03:12:41 PM","Nov 2007","Departure","Domestic","Mail","2,571"
"2018 Apr 18 03:12:41 PM","Sep 2010","Arrival","International","Freight","52,108"
"2018 Apr 18 03:12:41 PM","Nov 2015","Departure","International","Mail","1,375"
"2018 Apr 18 03:12:41 PM","Nov 2009","Departure","Domestic","Mail","2,484"
"2019 Mar 14 06:45:08 AM","Feb 2019","Arrival","International","Mail","1,150"
"2018 Apr 18 03:12:41 PM","Sep 2012","Arrival","Domestic","Freight","29,022"
"2018 Apr 18 03:12:41 PM","Jun 2016","Departure","Domestic","Mail","2,713"
"2018 Aug 10 06:01:24 AM","Jun 2018","Departure","International","Mail","1,023"
"2018 Apr 18 03:12:41 PM","Jul 2014","Departure","International","Mail","1,194"
"2018 Apr 18 03:12:41 PM","Dec 2011","Arrival","International","Freight","47,398"
"2018 Apr 18 03:12:41 PM","Feb 2017","Departure","Domestic","Freight","33,705"
"2018 Apr 18 03:12:41 PM","Jan 2010","Arrival","Domestic","Mail","1,591"
"2018 Apr 18 03:12:41 PM","May 2015","Departure","Domestic","Freight","34,953"
"2019 Mar 01 11:09:59 AM","Jan 2019","Departure","Domestic","Freight","38,335"
"2018 Apr 18 03:12:41 PM","Mar 2018","Arrival","Domestic","Freight","28,371"
"2020 Apr 29 07:14:24 AM","Mar 2020","Departure","International","Freight","47,560"
"2018 Apr 18 03:12:41 PM","Jun 2014","Arrival","Domestic","Mail","1,511"
"2018 Apr 18 03:12:41 PM","May 2012","Arrival","Domestic","Mail","2,003"
"2018 Apr 18 03:12:41 PM","Feb 2016","Departure","Domestic","Freight","33,628"
"2018 Apr 18 03:12:41 PM","Jul 2013","Departure","Domestic","Freight","34,194"
"2018 Apr 18 03:12:41 PM","Mar 2012","Departure","International","Mail","2,348"
"2018 Apr 18 03:12:41 PM","Nov 2014","Departure","International","Freight","42,120"
"2018 Apr 18 03:12:41 PM","Aug 2007","Arrival","Domestic","Freight","36,383"
"2018 Apr 18 03:12:41 PM","Dec 2011","Departure","Domestic","Freight","35,564"
"2020 Aug 03 07:35:04 AM","Jun 2020","Departure","Domestic","Mail","4,787"
"2018 Apr 18 03:12:41 PM","May 2014","Departure","International","Mail","1,481"
"2018 Apr 18 03:12:41 PM","Jun 2009","Departure","International","Mail","1,013"
"2018 Apr 18 03:12:41 PM","Dec 2017","Arrival","Domestic","Freight","37,107"
"2018 Apr 18 03:12:41 PM","Nov 2012","Departure","International","Freight","36,414"
"2018 Apr 18 03:12:41 PM","May 2012","Arrival","International","Mail","588"
"2018 Apr 18 03:12:41 PM","Jul 2012","Arrival","International","Mail","756"
"2019 Nov 10 06:01:31 AM","Sep 2019","Departure","Domestic","Freight","29,797"
"2019 Apr 29 01:10:30 PM","Aug 2018","Departure","International","Freight","59,060"
"2018 Apr 18 03:12:41 PM","Jun 2008","Departure","Domestic","Freight","31,970"
"2018 Apr 18 03:12:41 PM","May 2016","Departure","Domestic","Mail","2,615"
"2018 Apr 18 03:12:41 PM","Dec 2012","Arrival","Domestic","Freight","34,995"
"2018 Apr 18 03:12:41 PM","Sep 2011","Departure","International","Mail","2,123"
"2018 Apr 18 03:12:41 PM","May 2012","Departure","Domestic","Freight","36,929"
"2018 Apr 18 03:12:41 PM","Jul 2010","Departure","Domestic","Freight","31,251"
"2018 Apr 18 03:12:41 PM","Oct 2011","Departure","International","Mail","2,117"
"2019 Sep 27 07:57:24 AM","Aug 2019","Departure","International","Mail","798"
"2019 Apr 29 01:10:30 PM","Mar 2018","Arrival","International","Freight","71,779"
"2018 Apr 18 03:12:41 PM","Mar 2017","Arrival","Domestic","Freight","33,310"
"2019 Apr 29 01:10:30 PM","Dec 2017","Arrival","International","Freight","71,182"
"2019 Mar 01 11:09:59 AM","Jan 2019","Departure","Domestic","Mail","3,557"
"2018 Apr 18 03:12:41 PM","Dec 2006","Departure","Domestic","Freight","42,958"
"2018 Apr 18 03:12:41 PM","Aug 2009","Departure","Domestic","Mail","1,827"
"2018 Apr 18 03:12:41 PM","Oct 2012","Arrival","Domestic","Freight","29,856"
"2018 Apr 18 03:12:41 PM","Mar 2012","Departure","International","Freight","43,686"
"2018 Apr 18 03:12:41 PM","Jun 2017","Arrival","Domestic","Freight","33,388"
"2019 Jun 24 01:17:06 PM","May 2019","Departure","International","Freight","49,662"
"2018 Apr 18 03:12:41 PM","Mar 2015","Departure","Domestic","Freight","35,875"
"2018 Apr 18 03:12:41 PM","Nov 2015","Arrival","Domestic","Freight","29,778"
"2018 Apr 18 03:12:41 PM","Jun 2012","Arrival","Domestic","Freight","29,260"
"2018 Apr 18 03:12:41 PM","Oct 2015","Departure","International","Freight","47,801"
"2018 Apr 18 03:12:41 PM","Jan 2007","Departure","International","Mail","1,816"
"2018 Apr 18 03:12:41 PM","May 2016","Arrival","International","Mail","1,072"
"2018 Apr 18 03:12:41 PM","Nov 2015","Departure","International","Freight","43,892"
"2018 Apr 18 03:12:41 PM","Oct 2006","Arrival","International","Mail","618"
"2021 Mar 03 10:48:12 AM","Jan 2021","Departure","Domestic","Mail","4,883"
"2020 Aug 27 07:15:54 AM","Jul 2020","Departure","International","Freight","49,835"
"2018 Apr 18 03:12:41 PM","May 2017","Departure","Domestic","Mail","3,019"
"2020 Jan 22 06:57:11 AM","Dec 2019","Departure","Domestic","Freight","35,265"
"2018 Apr 18 03:12:41 PM","Sep 2006","Arrival","Domestic","Mail","1,850"
"2018 Apr 18 03:12:41 PM","Jan 2007","Arrival","International","Mail","962"
"2018 Apr 18 03:12:41 PM","Feb 2008","Departure","Domestic","Freight","33,847"
"2018 Apr 18 03:12:41 PM","Dec 2014","Departure","Domestic","Freight","37,457"
"2018 Apr 18 03:12:41 PM","May 2014","Arrival","International","Mail","874"
"2018 Apr 18 03:12:41 PM","Apr 2012","Departure","Domestic","Freight","31,880"
"2018 Apr 18 03:12:41 PM","Mar 2016","Departure","Domestic","Mail","2,600"
"2018 Apr 18 03:12:41 PM","Feb 2007","Departure","International","Mail","1,206"
"2018 Apr 18 03:12:41 PM","Dec 2010","Departure","International","Freight","36,321"
"2018 Apr 18 03:12:41 PM","Aug 2011","Departure","Domestic","Freight","31,423"
"2018 Apr 18 03:12:41 PM","Feb 2007","Arrival","Domestic","Mail","1,708"
"2019 Jan 30 07:34:09 AM","Dec 2018","Departure","Domestic","Freight","41,366"
"2018 Apr 18 03:12:41 PM","Nov 2008","Arrival","Domestic","Freight","27,881"
"2018 Apr 18 03:12:41 PM","Aug 2011","Arrival","International","Freight","46,225"
"2018 Apr 18 03:12:41 PM","Oct 2017","Arrival","Domestic","Freight","34,253"
"2018 Apr 18 03:12:41 PM","Apr 2013","Arrival","Domestic","Mail","1,812"
"2018 Apr 18 03:12:41 PM","Oct 2011","Departure","International","Freight","42,798"
"2018 Apr 18 03:12:41 PM","Feb 2016","Arrival","Domestic","Freight","26,874"
"2018 Apr 18 03:12:41 PM","Oct 2008","Departure","International","Mail","1,136"
"2018 Apr 18 03:12:41 PM","Aug 2013","Arrival","International","Mail","732"
"2018 Apr 18 03:12:41 PM","Dec 2011","Departure","International","Mail","2,734"
"2018 Apr 18 03:12:41 PM","Dec 2012","Departure","Domestic","Mail","1,618"
"2018 Apr 18 03:12:41 PM","May 2014","Arrival","Domestic","Freight","29,766"
"2018 Apr 18 03:12:41 PM","Oct 2011","Departure","Domestic","Freight","32,634"
"2018 Apr 18 03:12:41 PM","Oct 2013","Arrival","Domestic","Freight","31,204"
"2018 Apr 18 03:12:41 PM","Feb 2018","Arrival","Domestic","Freight","25,652"
"2018 Apr 18 03:12:41 PM","Feb 2013","Departure","Domestic","Freight","31,779"
"2020 Jan 02 10:43:42 AM","Nov 2019","Arrival","International","Mail","1,375"
"2018 Apr 18 03:12:41 PM","Oct 2015","Arrival","Domestic","Freight","31,923"
"2018 Apr 18 03:12:41 PM","Aug 2013","Departure","Domestic","Freight","33,877"
"2020 Dec 07 01:58:36 PM","Oct 2020","Arrival","Domestic","Mail","4,275"
"2018 Apr 18 03:12:41 PM","Jul 2007","Departure","International","Freight","38,888"
"2018 Apr 18 03:12:41 PM","Apr 2017","Arrival","Domestic","Freight","30,418"
"2020 Aug 03 07:35:04 AM","Jun 2020","Departure","Domestic","Freight","33,860"
"2018 Apr 18 03:12:41 PM","May 2010","Departure","International","Mail","1,987"
"2018 Apr 18 03:12:41 PM","Feb 2006","Departure","International","Mail","988"
"2018 Apr 18 03:12:41 PM","May 2010","Arrival","Domestic","Mail","1,251"
"2018 Apr 18 03:12:41 PM","Sep 2010","Departure","International","Freight","37,008"
"2018 Apr 18 03:12:41 PM","Jun 2006","Departure","International","Mail","938"
"2018 Apr 18 03:12:41 PM","Mar 2012","Departure","Domestic","Freight","35,043"
"2021 Feb 02 08:17:02 AM","Dec 2020","Arrival","Domestic","Freight","42,556"
"2018 Apr 18 03:12:41 PM","May 2015","Departure","Domestic","Mail","2,709"
"2018 Apr 18 03:12:41 PM","Jan 2012","Departure","International","Freight","33,399"
"2019 Nov 10 06:01:31 AM","Sep 2019","Arrival","International","Mail","1,152"
"2018 Apr 18 03:12:41 PM","Sep 2014","Arrival","International","Freight","53,341"
"2018 Apr 18 03:12:41 PM","May 2006","Departure","Domestic","Mail","2,178"
"2019 Apr 29 01:10:30 PM","Mar 2019","Departure","International","Mail","809"
"2018 Apr 18 03:12:41 PM","Nov 2007","Departure","International","Freight","35,103"
"2018 Apr 18 03:12:41 PM","Apr 2015","Departure","International","Freight","46,417"
"2018 Apr 18 03:12:41 PM","Apr 2013","Departure","Domestic","Freight","33,328"
"2018 Apr 18 03:12:41 PM","Nov 2015","Departure","Domestic","Freight","34,409"
"2020 Apr 08 09:58:08 AM","Feb 2020","Arrival","Domestic","Mail","3,900"
"2018 Apr 18 03:12:41 PM","Feb 2009","Arrival","International","Freight","32,048"
"2018 Apr 18 03:12:41 PM","May 2006","Arrival","Domestic","Freight","35,644"
"2018 Apr 18 03:12:41 PM","Dec 2010","Departure","Domestic","Mail","3,646"
"2018 Apr 18 03:12:41 PM","Jun 2016","Arrival","International","Freight","63,055"
"2018 Apr 18 03:12:41 PM","May 2017","Arrival","Domestic","Freight","32,121"
"2019 Jul 18 06:18:08 AM","Jun 2019","Departure","Domestic","Mail","4,269"
"2018 Apr 18 03:12:41 PM","Jun 2007","Departure","Domestic","Freight","39,552"
"2018 Apr 18 03:12:41 PM","Jul 2014","Departure","Domestic","Mail","1,876"
"2018 Apr 18 03:12:41 PM","May 2007","Departure","International","Freight","34,863"
"2018 Apr 18 03:12:41 PM","Dec 2008","Departure","Domestic","Mail","2,472"
"2018 Apr 18 03:12:41 PM","Jun 2008","Departure","International","Freight","38,533"
"2018 Apr 18 03:12:41 PM","Jul 2017","Departure","International","Freight","56,092"
"2018 Apr 18 03:12:41 PM","Nov 2008","Departure","Domestic","Mail","2,185"
"2021 Mar 03 10:48:12 AM","Jan 2021","Arrival","Domestic","Mail","3,771"
"2018 Apr 18 03:12:41 PM","Jul 2006","Arrival","Domestic","Freight","39,536"
"2018 Apr 18 03:12:41 PM","Oct 2010","Arrival","Domestic","Freight","32,251"
"2018 Apr 18 03:12:41 PM","Jan 2013","Departure","Domestic","Freight","32,467"
"2018 Apr 18 03:12:41 PM","Jun 2013","Arrival","Domestic","Mail","1,363"
"2018 Apr 18 03:12:41 PM","Apr 2012","Arrival","International","Mail","490"
"2021 Feb 02 08:17:02 AM","Nov 2020","Arrival","Domestic","Freight","37,008"
"2018 Apr 18 03:12:41 PM","Oct 2016","Arrival","Domestic","Mail","2,754"
"2018 Apr 18 03:12:41 PM","Nov 2017","Departure","Domestic","Freight","38,821"
"2018 Apr 18 03:12:41 PM","Dec 2014","Departure","Domestic","Mail","5,746"
"2018 Apr 18 03:12:41 PM","Jun 2006","Arrival","International","Mail","496"
"2021 Apr 01 09:37:48 AM","Feb 2021","Arrival","International","Mail","799"
"2018 Apr 18 03:12:41 PM","May 2007","Arrival","Domestic","Freight","36,143"
"2018 Apr 18 03:12:41 PM","Oct 2017","Arrival","Domestic","Mail","2,620"
"2018 Apr 18 03:12:41 PM","Jun 2016","Departure","International","Freight","49,325"
"2018 Apr 18 03:12:41 PM","Feb 2016","Departure","International","Freight","39,600"
"2019 Sep 27 07:57:24 AM","Jul 2019","Arrival","International","Freight","69,544"
"2018 Apr 18 03:12:41 PM","Jun 2010","Departure","Domestic","Freight","31,980"
"2018 Apr 18 03:12:41 PM","Apr 2015","Departure","Domestic","Mail","2,663"
"2018 Apr 18 03:12:41 PM","Dec 2008","Arrival","International","Mail","988"
"2018 Apr 18 03:12:41 PM","Apr 2009","Arrival","Domestic","Mail","1,244"
"2018 Apr 18 03:12:41 PM","Nov 2008","Departure","Domestic","Freight","29,409"
"2018 Apr 18 03:12:41 PM","Jun 2007","Arrival","Domestic","Mail","1,230"
"2018 Apr 18 03:12:41 PM","Mar 2007","Departure","Domestic","Freight","42,456"
"2018 Apr 18 03:12:41 PM","May 2011","Departure","Domestic","Freight","29,891"
"2018 Apr 18 03:12:41 PM","Aug 2012","Arrival","International","Freight","51,887"
"2020 Feb 28 08:21:30 AM","Jan 2020","Arrival","Domestic","Mail","4,084"
"2018 Apr 18 03:12:41 PM","Dec 2007","Departure","International","Mail","1,419"
"2018 Apr 18 03:12:41 PM","Jan 2018","Arrival","Domestic","Freight","30,538"
"2018 Apr 18 03:12:41 PM","Oct 2015","Departure","Domestic","Freight","36,691"
"2018 Apr 18 03:12:41 PM","Apr 2006","Arrival","Domestic","Freight","37,802"
"2018 Apr 18 03:12:41 PM","Jun 2017","Departure","International","Mail","909"
"2018 Apr 18 03:12:41 PM","Feb 2007","Arrival","International","Mail","795"
"2018 Apr 18 03:12:41 PM","Mar 2009","Departure","Domestic","Mail","1,823"
"2019 Jul 18 06:18:08 AM","Jun 2019","Arrival","Domestic","Freight","29,622"
"2019 Sep 27 07:57:24 AM","Jul 2019","Arrival","International","Mail","1,174"
"2020 Apr 08 09:58:08 AM","Feb 2020","Departure","International","Freight","40,940"
"2020 Sep 28 04:07:45 PM","Aug 2020","Departure","International","Freight","48,615"
"2018 Apr 18 03:12:41 PM","Jul 2009","Departure","International","Mail","2,070"
"2018 Apr 18 03:12:41 PM","Jan 2011","Departure","International","Freight","36,008"
"2018 Apr 18 03:12:41 PM","Aug 2015","Departure","Domestic","Freight","35,625"
"2018 Apr 18 03:12:41 PM","Feb 2017","Departure","Domestic","Mail","2,843"
"2018 Apr 18 03:12:41 PM","Apr 2014","Departure","International","Mail","1,177"
"2018 Apr 18 03:12:41 PM","Apr 2007","Departure","Domestic","Freight","38,586"
"2018 Apr 18 03:12:41 PM","Nov 2014","Departure","Domestic","Freight","34,343"
"2020 Jun 29 07:20:39 AM","Apr 2020","Departure","International","Freight","38,213"
"2018 Apr 18 03:12:41 PM","Jun 2016","Departure","Domestic","Freight","36,191"
"2018 Apr 18 03:12:41 PM","May 2013","Arrival","International","Freight","53,395"
"2018 Apr 18 03:12:41 PM","Jul 2007","Arrival","International","Freight","52,023"
"2018 Apr 18 03:12:41 PM","Aug 2014","Arrival","Domestic","Freight","28,572"
"2018 Apr 18 03:12:41 PM","Jun 2016","Departure","International","Mail","1,050"
"2019 Nov 26 01:26:41 PM","Oct 2019","Arrival","International","Mail","1,278"
"2018 Dec 26 06:52:40 AM","Nov 2018","Departure","International","Mail","989"
"2018 Apr 18 03:12:41 PM","Jan 2012","Arrival","International","Mail","531"
"2018 Apr 18 03:12:41 PM","Jun 2007","Departure","International","Freight","37,197"
"2018 Apr 18 03:12:41 PM","Mar 2007","Arrival","International","Mail","860"
"2018 Apr 18 03:12:41 PM","Aug 2006","Departure","International","Mail","1,027"
"2018 Apr 18 03:12:41 PM","Aug 2012","Arrival","Domestic","Freight","30,188"
"2018 Apr 18 03:12:41 PM","May 2016","Departure","International","Freight","47,782"
"2018 Apr 18 03:12:41 PM","Nov 2012","Departure","Domestic","Mail","2,551"
"2018 Apr 18 03:12:41 PM","Aug 2013","Arrival","Domestic","Mail","1,754"
"2019 Apr 29 01:10:30 PM","Feb 2019","Departure","International","Freight","41,388"
"2018 Apr 18 03:12:41 PM","May 2007","Arrival","International","Mail","736"
"2018 Jul 11 02:24:22 PM","May 2018","Arrival","Domestic","Freight","28,545"
"2018 Apr 18 03:12:41 PM","Sep 2016","Arrival","Domestic","Mail","2,658"
"2020 Feb 28 08:21:30 AM","Jan 2020","Departure","Domestic","Mail","4,804"
"2018 Apr 18 03:12:41 PM","Apr 2015","Departure","International","Mail","1,138"
"2018 Apr 18 03:12:41 PM","Aug 2011","Departure","Domestic","Mail","1,414"
"2018 Apr 18 03:12:41 PM","Aug 2010","Arrival","Domestic","Mail","999"
"2018 Nov 25 11:40:39 AM","Oct 2018","Arrival","International","Mail","1,565"
"2018 Apr 18 03:12:41 PM","May 2006","Departure","International","Freight","32,336"
"2018 Apr 18 03:12:41 PM","Jun 2014","Departure","International","Freight","44,314"
"2018 Apr 18 03:12:41 PM","Feb 2015","Departure","Domestic","Freight","33,369"
"2018 Nov 25 11:40:39 AM","Oct 2018","Arrival","Domestic","Freight","35,935"
"2018 Apr 18 03:12:41 PM","Sep 2017","Arrival","Domestic","Mail","2,633"
"2018 Apr 18 03:12:41 PM","Jun 2015","Departure","International","Mail","1,120"
"2018 Apr 18 03:12:41 PM","Jun 2015","Arrival","International","Freight","56,196"
"2018 Apr 18 03:12:41 PM","May 2008","Departure","Domestic","Freight","35,385"
"2018 Apr 18 03:12:41 PM","May 2015","Arrival","Domestic","Mail","2,428"
"2018 Apr 18 03:12:41 PM","May 2013","Departure","Domestic","Mail","2,347"
"2018 Apr 18 03:12:41 PM","Mar 2006","Arrival","Domestic","Freight","41,014"
"2018 Apr 18 03:12:41 PM","Nov 2009","Departure","International","Mail","1,227"
"2018 Apr 18 03:12:41 PM","Dec 2006","Departure","Domestic","Mail","2,066"
"2018 Apr 18 03:12:41 PM","May 2016","Departure","Domestic","Freight","35,675"
"2018 Apr 18 03:12:41 PM","Sep 2012","Departure","Domestic","Freight","31,324"
"2018 Apr 18 03:12:41 PM","Feb 2017","Arrival","International","Mail","1,406"
"2018 Apr 18 03:12:41 PM","Jun 2017","Departure","Domestic","Mail","3,275"
"2018 Apr 18 03:12:41 PM","Jun 2007","Arrival","Domestic","Freight","36,339"
"2018 Apr 18 03:12:41 PM","Feb 2007","Arrival","Domestic","Freight","34,246"
"2018 Sep 26 09:27:08 AM","Aug 2018","Arrival","Domestic","Freight","31,493"
"2018 Apr 18 03:12:41 PM","Jan 2017","Arrival","International","Mail","1,420"
"2018 Apr 18 03:12:41 PM","Sep 2012","Departure","International","Freight","38,929"
"2018 Apr 18 03:12:41 PM","Mar 2010","Departure","International","Mail","1,176"
"2018 Apr 18 03:12:41 PM","Mar 2013","Departure","Domestic","Mail","1,795"
"2018 Apr 18 03:12:41 PM","Jul 2014","Arrival","International","Mail","783"
"2019 Apr 29 01:10:30 PM","Oct 2018","Arrival","International","Freight","76,229"
"2018 Apr 18 03:12:41 PM","Jun 2009","Arrival","Domestic","Mail","1,022"
"2018 Apr 18 03:12:41 PM","Mar 2016","Arrival","Domestic","Freight","30,599"
"2018 Apr 18 03:12:41 PM","Jul 2012","Departure","International","Freight","47,265"
"2020 Oct 27 08:53:01 AM","Sep 2020","Departure","Domestic","Mail","6,112"
"2018 Apr 18 03:12:41 PM","Nov 2013","Departure","International","Freight","45,304"
"2018 Apr 18 03:12:41 PM","Feb 2010","Arrival","International","Freight","49,109"
"2018 Apr 18 03:12:41 PM","Nov 2009","Departure","International","Freight","30,358"
"2019 Sep 27 07:57:24 AM","Jul 2019","Departure","International","Freight","50,682"
"2018 Apr 18 03:12:41 PM","Jan 2018","Departure","International","Mail","1,026"
"2019 Nov 26 01:26:41 PM","Oct 2019","Departure","Domestic","Mail","5,270"
"2018 Nov 25 11:40:39 AM","Oct 2018","Departure","Domestic","Mail","3,325"
"2018 Apr 18 03:12:41 PM","Aug 2011","Arrival","International","Mail","522"
"2018 Apr 18 03:12:41 PM","Sep 2006","Arrival","Domestic","Freight","38,323"
"2018 Apr 18 03:12:41 PM","Apr 2013","Departure","International","Mail","1,643"
"2018 Apr 18 03:12:41 PM","May 2014","Departure","International","Freight","44,006"
"2018 Apr 18 03:12:41 PM","Aug 2006","Departure","Domestic","Mail","2,517"
"2018 May 23 07:44:39 AM","Apr 2018","Arrival","Domestic","Mail","2,769"
"2018 Apr 18 03:12:41 PM","Apr 2015","Arrival","International","Mail","971"
"2018 Apr 18 03:12:41 PM","Dec 2007","Departure","Domestic","Mail","2,801"
"2020 Oct 27 08:53:01 AM","Sep 2020","Arrival","International","Mail","925"
"2018 Apr 18 03:12:41 PM","Mar 2013","Arrival","International","Mail","639"
"2018 Apr 18 03:12:41 PM","Apr 2017","Departure","Domestic","Mail","2,988"
"2018 Apr 18 03:12:41 PM","May 2008","Arrival","International","Mail","726"
"2018 Apr 18 03:12:41 PM","Sep 2006","Departure","International","Freight","37,856"
"2018 Apr 18 03:12:41 PM","Jun 2009","Departure","International","Freight","38,415"
"2018 Apr 18 03:12:41 PM","Oct 2008","Departure","International","Freight","32,479"
"2018 Apr 18 03:12:41 PM","Jan 2017","Arrival","Domestic","Mail","2,781"
"2018 Apr 18 03:12:41 PM","Jul 2013","Arrival","Domestic","Mail","1,605"
"2018 Apr 18 03:12:41 PM","May 2016","Arrival","Domestic","Freight","30,028"
"2018 Apr 18 03:12:41 PM","Sep 2013","Departure","Domestic","Mail","2,098"
"2018 Apr 18 03:12:41 PM","Aug 2006","Arrival","Domestic","Freight","37,956"
"2018 Apr 18 03:12:41 PM","Jun 2013","Arrival","International","Mail","759"
"2018 Apr 18 03:12:41 PM","Aug 2008","Departure","International","Freight","34,659"
"2021 Apr 01 09:37:48 AM","Feb 2021","Departure","Domestic","Mail","5,272"
"2018 Apr 18 03:12:41 PM","Jan 2011","Departure","Domestic","Freight","28,429"
"2018 Apr 18 03:12:41 PM","Jul 2014","Departure","Domestic","Freight","34,950"
"2018 Apr 18 03:12:41 PM","Mar 2016","Departure","International","Mail","1,104"
"2018 Apr 18 03:12:41 PM","Jul 2011","Departure","International","Mail","2,019"
"2018 Apr 18 03:12:41 PM","May 2015","Departure","International","Freight","53,985"
"2018 Apr 18 03:12:41 PM","Aug 2017","Departure","Domestic","Freight","38,990"
"2018 Apr 18 03:12:41 PM","Jul 2013","Departure","Domestic","Mail","2,011"
"2018 Apr 18 03:12:41 PM","Jun 2009","Departure","Domestic","Mail","1,453"
"2018 Apr 18 03:12:41 PM","Dec 2006","Arrival","Domestic","Freight","37,530"
"2018 Apr 18 03:12:41 PM","Nov 2014","Arrival","Domestic","Mail","2,205"
"2018 Apr 18 03:12:41 PM","Oct 2009","Departure","International","Mail","1,136"
"2018 Apr 18 03:12:41 PM","Jan 2012","Arrival","International","Freight","42,489"
"2021 Apr 01 09:37:48 AM","Feb 2021","Departure","International","Mail","503"
"2018 Apr 18 03:12:41 PM","Feb 2018","Departure","Domestic","Freight","34,152"
"2018 Apr 18 03:12:41 PM","Mar 2012","Arrival","International","Freight","55,163"
"2018 Apr 18 03:12:41 PM","Dec 2014","Arrival","International","Freight","57,059"
"2018 Apr 18 03:12:41 PM","May 2015","Arrival","International","Freight","59,499"
"2018 Apr 18 03:12:41 PM","Oct 2014","Arrival","Domestic","Freight","32,987"
"2018 Apr 18 03:12:41 PM","Mar 2018","Arrival","International","Mail","1,781"
"2019 May 28 06:24:45 AM","Apr 2019","Departure","International","Freight","45,778"
"2018 Apr 18 03:12:41 PM","Jul 2010","Arrival","International","Mail","588"
"2018 Apr 18 03:12:41 PM","Mar 2008","Arrival","Domestic","Mail","1,778"
"2018 Apr 18 03:12:41 PM","Dec 2009","Departure","International","Mail","1,455"
"2020 Aug 27 07:15:54 AM","Jul 2020","Arrival","Domestic","Mail","4,344"
"2018 Aug 21 11:02:45 AM","Jul 2018","Departure","Domestic","Freight","36,608"
"2018 Apr 18 03:12:41 PM","Jan 2016","Arrival","Domestic","Freight","27,007"
"2018 Apr 18 03:12:41 PM","Feb 2015","Arrival","Domestic","Freight","28,389"
"2018 Apr 18 03:12:41 PM","Dec 2014","Arrival","Domestic","Freight","32,239"
"2018 Apr 18 03:12:41 PM","Aug 2006","Arrival","Domestic","Mail","1,889"
"2019 Apr 29 01:10:30 PM","Dec 2018","Departure","International","Freight","48,159"
"2018 Apr 18 03:12:41 PM","Oct 2013","Arrival","International","Mail","830"
"2018 Apr 18 03:12:41 PM","Nov 2011","Departure","International","Freight","41,147"
"2018 Apr 18 03:12:41 PM","May 2014","Arrival","Domestic","Mail","1,888"
"2018 Apr 18 03:12:41 PM","Feb 2013","Departure","International","Mail","1,495"
"2018 Oct 29 10:20:51 AM","Sep 2018","Departure","Domestic","Freight","35,742"
"2018 Aug 24 11:01:04 AM","Jul 2018","Arrival","International","Freight","74,620"
"2018 Apr 18 03:12:41 PM","Sep 2009","Arrival","International","Mail","684"
"2018 Apr 18 03:12:41 PM","May 2008","Arrival","Domestic","Mail","1,859"
"2018 Apr 18 03:12:41 PM","Feb 2015","Arrival","International","Freight","53,174"
"2018 Apr 18 03:12:41 PM","Feb 2013","Arrival","Domestic","Mail","988"
"2020 Oct 27 08:53:01 AM","Sep 2020","Departure","International","Freight","49,162"
"2018 Apr 18 03:12:41 PM","Feb 2017","Departure","International","Mail","898"
"2018 Apr 18 03:12:41 PM","Jan 2013","Departure","International","Mail","1,625"
"2018 Apr 18 03:12:41 PM","Dec 2016","Arrival","Domestic","Freight","35,883"
"2018 Apr 18 03:12:41 PM","Feb 2015","Arrival","Domestic","Mail","2,309"
"2018 Apr 18 03:12:41 PM","Oct 2013","Arrival","Domestic","Mail","1,969"
"2018 Apr 18 03:12:41 PM","Feb 2015","Departure","Domestic","Mail","2,473"
"2018 Apr 18 03:12:41 PM","Feb 2011","Departure","Domestic","Mail","2,360"
"2018 Apr 18 03:12:41 PM","Oct 2007","Arrival","International","Mail","738"
"2018 Dec 26 06:52:40 AM","Nov 2018","Arrival","Domestic","Freight","30,569"
"2019 Apr 29 01:10:30 PM","Jan 2018","Arrival","International","Freight","64,407"
"2018 Apr 18 03:12:41 PM","Apr 2013","Arrival","Domestic","Freight","28,074"
"2018 Apr 18 03:12:41 PM","Dec 2013","Arrival","Domestic","Mail","2,221"
"2018 Apr 18 03:12:41 PM","Sep 2010","Departure","International","Mail","1,890"
"2018 Apr 18 03:12:41 PM","Sep 2015","Departure","International","Freight","41,319"
"2018 Apr 18 03:12:41 PM","Nov 2006","Departure","Domestic","Freight","40,773"
"2018 Apr 18 03:12:41 PM","Dec 2011","Arrival","Domestic","Freight","32,924"
"2018 Apr 18 03:12:41 PM","Jan 2015","Departure","Domestic","Mail","2,837"
"2018 Apr 18 03:12:41 PM","Jul 2016","Departure","Domestic","Freight","34,652"
"2021 Feb 02 08:17:02 AM","Dec 2020","Departure","International","Mail","1,050"
"2018 Apr 18 03:12:41 PM","Apr 2011","Departure","Domestic","Mail","2,873"
"2018 Apr 18 03:12:41 PM","Sep 2007","Arrival","Domestic","Freight","35,384"
"2018 Apr 18 03:12:41 PM","Apr 2016","Arrival","International","Freight","60,764"
"2018 Apr 18 03:12:41 PM","Feb 2007","Departure","International","Freight","29,604"
"2018 Apr 18 03:12:41 PM","Mar 2010","Arrival","Domestic","Freight","29,927"
"2019 Jul 18 06:18:08 AM","Jun 2019","Departure","International","Mail","759"
"2018 Apr 18 03:12:41 PM","Aug 2011","Departure","International","Freight","41,351"
"2018 Apr 18 03:12:41 PM","Apr 2014","Departure","International","Freight","42,244"
"2018 Nov 25 11:40:39 AM","Oct 2018","Departure","International","Mail","1,005"
"2019 Sep 27 07:57:24 AM","Aug 2019","Arrival","Domestic","Freight","30,753"
"2018 Apr 18 03:12:41 PM","Oct 2007","Arrival","Domestic","Mail","1,676"
"2019 Nov 26 01:26:41 PM","Oct 2019","Departure","International","Mail","743"
"2018 Apr 18 03:12:41 PM","Mar 2014","Arrival","Domestic","Mail","1,825"
"2018 Apr 18 03:12:41 PM","Sep 2007","Arrival","International","Mail","742"
"2018 Apr 18 03:12:41 PM","Aug 2006","Arrival","International","Mail","552"
"2018 May 23 07:44:39 AM","Apr 2018","Departure","International","Mail","1,031"
"2020 Apr 29 07:14:24 AM","Mar 2020","Arrival","International","Mail","953"
"2018 Apr 18 03:12:41 PM","Oct 2013","Departure","Domestic","Freight","35,759"
"2021 Apr 01 09:37:48 AM","Feb 2021","Departure","Domestic","Freight","33,680"
"2020 Jun 29 07:20:39 AM","May 2020","Departure","International","Mail","955"
"2018 Apr 18 03:12:41 PM","Dec 2017","Departure","Domestic","Freight","41,384"
"2018 Apr 18 03:12:41 PM","Nov 2015","Arrival","Domestic","Mail","2,200"
"2018 Apr 18 03:12:41 PM","Feb 2008","Departure","International","Mail","1,491"
"2018 Apr 18 03:12:41 PM","May 2014","Departure","Domestic","Freight","34,526"
"2018 Apr 18 03:12:41 PM","Aug 2015","Arrival","International","Mail","870"
"2018 Apr 18 03:12:41 PM","Mar 2013","Arrival","Domestic","Mail","1,059"
"2018 Apr 18 03:12:41 PM","Feb 2018","Arrival","Domestic","Mail","2,539"
"2018 Apr 18 03:12:41 PM","Jan 2006","Departure","Domestic","Mail","2,845"
"2018 Jul 12 02:24:30 PM","Jun 2018","Arrival","Domestic","Mail","2,525"
"2018 Apr 18 03:12:41 PM","Jun 2011","Departure","Domestic","Freight","31,514"
"2018 Apr 18 03:12:41 PM","May 2012","Departure","International","Mail","1,913"
"2018 Apr 18 03:12:41 PM","Sep 2017","Departure","Domestic","Mail","3,334"
"2018 Apr 18 03:12:41 PM","Jun 2013","Arrival","International","Freight","52,004"
"2020 Apr 29 07:14:24 AM","Mar 2020","Arrival","Domestic","Mail","3,736"
"2018 Apr 18 03:12:41 PM","Jun 2010","Arrival","International","Mail","710"
"2018 Apr 18 03:12:41 PM","Jul 2009","Arrival","Domestic","Freight","28,665"
"2018 Apr 18 03:12:41 PM","Apr 2017","Arrival","International","Freight","71,925"
"2018 Apr 18 03:12:41 PM","Feb 2007","Departure","Domestic","Freight","37,997"
"2018 Apr 18 03:12:41 PM","Apr 2009","Departure","International","Mail","1,040"
"2018 Oct 29 10:20:51 AM","Sep 2018","Arrival","International","Mail","1,401"
"2018 Apr 18 03:12:41 PM","Dec 2016","Departure","International","Mail","1,452"
"2018 Apr 18 03:12:41 PM","Mar 2009","Departure","International","Mail","1,017"
"2018 Apr 18 03:12:41 PM","Mar 2017","Departure","Domestic","Freight","40,288"
"2018 Apr 18 03:12:41 PM","Mar 2013","Departure","Domestic","Freight","35,331"
"2018 Apr 18 03:12:41 PM","Mar 2017","Arrival","International","Freight","71,754"
"2018 Apr 18 03:12:41 PM","Sep 2010","Departure","Domestic","Freight","31,752"
"2018 Apr 18 03:12:41 PM","Jul 2016","Departure","International","Mail","1,073"
"2020 Aug 03 07:35:04 AM","Jun 2020","Arrival","International","Freight","84,189"
"2018 Apr 18 03:12:41 PM","Jan 2015","Arrival","Domestic","Freight","27,392"
"2018 Apr 18 03:12:41 PM","Jun 2008","Arrival","International","Mail","587"
"2020 Jun 29 07:20:39 AM","Apr 2020","Arrival","International","Freight","68,576"
"2018 Apr 18 03:12:41 PM","Jan 2014","Arrival","Domestic","Freight","28,425"
"2018 Apr 18 03:12:41 PM","May 2006","Arrival","International","Mail","497"
"2018 Apr 18 03:12:41 PM","Jun 2008","Arrival","International","Freight","50,778"
"2018 Jul 16 02:36:06 PM","Jun 2018","Departure","Domestic","Freight","38,061"
"2018 Apr 18 03:12:41 PM","Nov 2017","Departure","International","Mail","2,032"
"2020 Dec 07 01:58:36 PM","Sep 2020","Departure","Domestic","Freight","35,183"
"2018 Apr 18 03:12:41 PM","Mar 2015","Departure","International","Freight","52,669"
"2018 Apr 18 03:12:41 PM","Jul 2006","Arrival","International","Freight","54,352"
"2018 Apr 18 03:12:41 PM","Feb 2013","Arrival","Domestic","Freight","27,329"
"2018 Apr 18 03:12:41 PM","Apr 2017","Arrival","Domestic","Mail","2,467"
"2018 Apr 18 03:12:41 PM","Aug 2014","Departure","International","Mail","1,229"
"2018 Apr 18 03:12:41 PM","Feb 2008","Arrival","International","Mail","3,449"
"2020 Jan 02 10:43:42 AM","Nov 2019","Departure","International","Mail","806"
"2018 Apr 18 03:12:41 PM","Nov 2007","Arrival","International","Freight","62,776"
"2018 Apr 18 03:12:41 PM","Nov 2012","Arrival","International","Mail","757"
"2020 Jan 22 06:57:11 AM","Dec 2019","Departure","Domestic","Mail","9,192"
"2018 Apr 18 03:12:41 PM","May 2010","Arrival","International","Freight","61,625"
"2018 Apr 18 03:12:41 PM","Oct 2014","Departure","Domestic","Freight","37,560"
"2018 Apr 18 03:12:41 PM","Jan 2012","Departure","Domestic","Mail","2,823"
"2018 Apr 18 03:12:41 PM","Nov 2013","Departure","International","Mail","1,262"
"2021 Apr 01 09:37:48 AM","Feb 2021","Arrival","Domestic","Freight","34,088"
"2018 Apr 18 03:12:41 PM","Dec 2010","Departure","Domestic","Freight","36,510"
"2018 Apr 18 03:12:41 PM","Jul 2013","Arrival","International","Freight","49,068"
"2019 Apr 29 01:10:30 PM","Dec 2017","Departure","International","Freight","48,650"
"2018 Apr 18 03:12:41 PM","Feb 2006","Departure","Domestic","Mail","2,310"
"2018 Apr 18 03:12:41 PM","Feb 2017","Arrival","Domestic","Freight","26,887"
"2018 Apr 18 03:12:41 PM","Jun 2013","Departure","Domestic","Freight","34,021"
"2018 Apr 18 03:12:41 PM","Sep 2010","Arrival","International","Mail","589"
"2018 Apr 18 03:12:41 PM","Nov 2008","Departure","International","Mail","1,061"
"2018 Apr 18 03:12:41 PM","Feb 2014","Arrival","International","Mail","729"
"2020 Oct 27 08:53:01 AM","Sep 2020","Arrival","Domestic","Mail","4,028"
"2018 Apr 18 03:12:41 PM","May 2016","Arrival","Domestic","Mail","1,804"
"2018 Apr 18 03:12:41 PM","Nov 2012","Arrival","International","Freight","58,399"
"2018 Apr 18 03:12:41 PM","May 2006","Arrival","International","Freight","54,068"
"2018 Apr 18 03:12:41 PM","Oct 2007","Departure","Domestic","Mail","1,992"
"2018 Apr 18 03:12:41 PM","Dec 2010","Arrival","Domestic","Freight","34,903"
"2019 May 28 06:24:45 AM","Apr 2019","Departure","Domestic","Mail","4,685"
"2018 Apr 18 03:12:41 PM","Mar 2017","Departure","International","Freight","52,096"
"2018 Apr 18 03:12:41 PM","Aug 2011","Departure","International","Mail","2,039"
"2018 Apr 18 03:12:41 PM","Jun 2012","Arrival","Domestic","Mail","1,815"
"2018 Apr 18 03:12:41 PM","Dec 2015","Arrival","Domestic","Freight","33,482"
"2018 Apr 18 03:12:41 PM","Aug 2010","Departure","International","Mail","1,808"
"2018 Apr 18 03:12:41 PM","Oct 2017","Arrival","International","Mail","1,743"
"2018 Apr 18 03:12:41 PM","Jun 2011","Departure","International","Mail","1,880"
"2018 Apr 18 03:12:41 PM","Jul 2012","Arrival","Domestic","Freight","27,875"
"2021 Feb 02 08:17:02 AM","Dec 2020","Departure","Domestic","Mail","8,480"
"2018 Apr 18 03:12:41 PM","Feb 2014","Departure","Domestic","Freight","31,422"
"2018 Apr 18 03:12:41 PM","Sep 2014","Departure","International","Freight","40,745"
"2018 Apr 18 03:12:41 PM","Aug 2010","Arrival","International","Mail","572"
"2018 Apr 18 03:12:41 PM","Mar 2010","Arrival","Domestic","Mail","1,290"
"2020 Jan 22 06:57:11 AM","Dec 2019","Arrival","Domestic","Freight","32,773"
"2018 Apr 18 03:12:41 PM","Apr 2009","Departure","Domestic","Mail","1,731"
"2018 Apr 18 03:12:41 PM","May 2007","Arrival","Domestic","Mail","1,255"
"2018 Apr 18 03:12:41 PM","Mar 2008","Departure","International","Mail","1,271"
"2018 Apr 18 03:12:41 PM","Jun 2011","Arrival","International","Freight","51,925"
"2019 Apr 29 01:10:30 PM","Nov 2017","Departure","International","Freight","50,491"
"2018 Apr 18 03:12:41 PM","Feb 2009","Departure","International","Freight","26,059"
"2018 Apr 18 03:12:41 PM","May 2012","Arrival","International","Freight","50,212"
"2018 Apr 18 03:12:41 PM","May 2006","Departure","Domestic","Freight","40,639"
"2018 Apr 18 03:12:41 PM","May 2013","Arrival","Domestic","Mail","1,863"
"2018 Apr 18 03:12:41 PM","Mar 2007","Departure","International","Freight","36,683"
"2018 Dec 26 06:52:40 AM","Nov 2018","Departure","International","Freight","49,972"
"2018 Apr 18 03:12:41 PM","Sep 2016","Arrival","Domestic","Freight","32,383"
"2018 Apr 18 03:12:41 PM","Oct 2006","Arrival","Domestic","Freight","40,772"
"2021 Jan 10 06:01:37 AM","Jul 2020","Departure","Domestic","Mail","5,528"
"2018 Apr 18 03:12:41 PM","Feb 2015","Arrival","International","Mail","754"
"2019 Nov 26 01:26:41 PM","Oct 2019","Arrival","International","Freight","77,328"
"2018 Apr 18 03:12:41 PM","Feb 2012","Departure","Domestic","Freight","32,269"
"2018 Apr 18 03:12:41 PM","Feb 2010","Arrival","Domestic","Freight","27,245"
"2018 Apr 18 03:12:41 PM","Jan 2016","Departure","International","Mail","1,422"
"2019 Jan 30 07:34:09 AM","Dec 2018","Arrival","Domestic","Freight","32,445"
"2018 Apr 18 03:12:41 PM","Feb 2010","Departure","International","Mail","1,024"
"2018 Apr 18 03:12:41 PM","Aug 2007","Departure","International","Freight","39,543"
"2018 Apr 18 03:12:41 PM","Sep 2016","Departure","International","Freight","43,597"
"2021 Feb 02 08:17:02 AM","Nov 2020","Departure","Domestic","Mail","5,056"
"2018 Apr 18 03:12:41 PM","Jan 2010","Departure","International","Freight","31,271"
"2020 Jun 29 07:20:39 AM","May 2020","Arrival","Domestic","Freight","35,444"
"2018 Apr 18 03:12:41 PM","Oct 2014","Departure","Domestic","Mail","2,448"
"2018 Apr 18 03:12:41 PM","Feb 2014","Departure","International","Mail","1,085"
"2018 Apr 18 03:12:41 PM","Apr 2012","Departure","International","Mail","1,972"
"2018 Apr 18 03:12:41 PM","Apr 2016","Departure","International","Mail","986"
"2018 Apr 18 03:12:41 PM","Dec 2014","Departure","International","Mail","1,657"
"2018 Apr 18 03:12:41 PM","Jan 2010","Departure","International","Mail","1,072"
"2018 Apr 18 03:12:41 PM","Jun 2010","Departure","Domestic","Mail","2,333"
"2018 Apr 18 03:12:41 PM","Oct 2006","Departure","Domestic","Mail","2,016"
"2018 Apr 18 03:12:41 PM","May 2013","Arrival","Domestic","Freight","29,904"
"2018 Apr 18 03:12:41 PM","Sep 2015","Arrival","International","Mail","1,097"
"2018 Apr 18 03:12:41 PM","Oct 2012","Arrival","Domestic","Mail","2,025"
"2018 Apr 18 03:12:41 PM","Jun 2011","Arrival","International","Mail","619"
"2018 Apr 18 03:12:41 PM","Jan 2013","Departure","Domestic","Mail","1,560"
"2018 Apr 18 03:12:41 PM","Jan 2008","Departure","International","Freight","30,072"
"2019 Apr 29 01:10:30 PM","Apr 2018","Departure","International","Freight","50,682"
"2018 Apr 18 03:12:41 PM","Aug 2007","Arrival","Domestic","Mail","912"
"2018 Apr 18 03:12:41 PM","Sep 2008","Arrival","International","Mail","720"
"2018 Apr 18 03:12:41 PM","Dec 2016","Arrival","Domestic","Mail","4,091"
"2018 Apr 18 03:12:41 PM","Dec 2013","Departure","Domestic","Mail","2,787"
"2020 Jun 29 07:20:39 AM","May 2020","Departure","Domestic","Mail","4,433"
"2018 Apr 18 03:12:41 PM","Sep 2013","Departure","International","Freight","39,856"
"2018 Apr 18 03:12:41 PM","Jan 2013","Arrival","International","Mail","557"
"2018 Apr 18 03:12:41 PM","Dec 2008","Departure","Domestic","Freight","33,621"
"2018 Apr 18 03:12:41 PM","Aug 2010","Arrival","International","Freight","55,334"
"2018 Apr 18 03:12:41 PM","May 2008","Arrival","Domestic","Freight","30,448"
"2018 Apr 18 03:12:41 PM","Mar 2006","Arrival","International","Freight","63,864"
"2018 Apr 18 03:12:41 PM","Oct 2017","Departure","Domestic","Mail","3,464"
"2018 Apr 18 03:12:41 PM","Apr 2016","Departure","Domestic","Freight","34,842"
"2018 Apr 18 03:12:41 PM","Nov 2017","Arrival","Domestic","Freight","35,577"
"2018 Apr 18 03:12:41 PM","Jan 2017","Departure","International","Mail","924"
"2018 Apr 18 03:12:41 PM","Feb 2016","Arrival","International","Freight","44,787"
"2018 Apr 18 03:12:41 PM","May 2011","Arrival","International","Freight","48,279"
"2018 Apr 18 03:12:41 PM","May 2010","Arrival","International","Mail","675"
"2018 Apr 18 03:12:41 PM","Feb 2006","Departure","Domestic","Freight","33,222"
"2018 Apr 18 03:12:41 PM","Jan 2018","Arrival","Domestic","Mail","2,876"
"2018 Apr 18 03:12:41 PM","Mar 2014","Departure","Domestic","Freight","34,766"
"2018 Apr 18 03:12:41 PM","Jul 2007","Departure","Domestic","Freight","36,538"
"2018 Apr 18 03:12:41 PM","Feb 2011","Arrival","Domestic","Freight","26,656"
"2018 Apr 18 03:12:41 PM","May 2010","Departure","Domestic","Freight","32,777"
"2018 Apr 18 03:12:41 PM","Aug 2008","Arrival","Domestic","Freight","28,075"
"2018 Apr 18 03:12:41 PM","May 2017","Departure","International","Freight","52,923"
"2018 Apr 18 03:12:41 PM","Jan 2010","Arrival","Domestic","Freight","27,291"
"2018 Apr 18 03:12:41 PM","Sep 2016","Departure","Domestic","Mail","2,794"
"2018 Apr 18 03:12:41 PM","Aug 2010","Arrival","Domestic","Freight","30,993"
"2018 Apr 18 03:12:41 PM","May 2013","Departure","International","Mail","1,719"
"2018 Apr 18 03:12:41 PM","Apr 2010","Arrival","Domestic","Mail","1,422"
"2018 Apr 18 03:12:41 PM","May 2010","Arrival","Domestic","Freight","30,876"
"2018 Apr 18 03:12:41 PM","Jul 2017","Departure","International","Mail","935"
"2018 Apr 18 03:12:41 PM","Oct 2015","Arrival","Domestic","Mail","2,580"
"2019 Apr 29 01:10:30 PM","Aug 2018","Arrival","International","Freight","78,087"
"2018 Apr 18 03:12:41 PM","Apr 2010","Arrival","Domestic","Freight","33,434"
"2018 Apr 18 03:12:41 PM","Sep 2008","Departure","Domestic","Mail","1,914"
"2018 Apr 18 03:12:41 PM","Nov 2009","Arrival","Domestic","Freight","34,354"
"2020 Feb 28 08:21:30 AM","Dec 2019","Departure","International","Freight","45,407"
"2018 Apr 18 03:12:41 PM","Sep 2007","Departure","Domestic","Mail","1,838"
"2018 Apr 18 03:12:41 PM","Dec 2010","Departure","International","Mail","2,541"
"2020 Dec 07 01:58:36 PM","Oct 2020","Arrival","International","Mail","1,031"
"2018 Apr 18 03:12:41 PM","Nov 2010","Departure","International","Mail","1,896"
"2018 Apr 18 03:12:41 PM","Mar 2018","Departure","International","Mail","1,191"
"2020 Feb 28 08:21:30 AM","Jan 2020","Arrival","Domestic","Freight","25,724"
"2018 Apr 18 03:12:41 PM","Mar 2009","Departure","International","Freight","28,094"
"2018 Apr 18 03:12:41 PM","Jun 2010","Arrival","Domestic","Freight","30,960"
"2018 Apr 18 03:12:41 PM","May 2013","Departure","International","Freight","45,192"
"2018 Apr 18 03:12:41 PM","Dec 2016","Arrival","International","Freight","65,043"
"2018 Apr 18 03:12:41 PM","Jul 2009","Arrival","International","Mail","674"
"2018 Apr 18 03:12:41 PM","Sep 2016","Departure","Domestic","Freight","34,404"
"2018 Apr 18 03:12:41 PM","Jun 2009","Arrival","International","Mail","649"
"2018 Apr 18 03:12:41 PM","Feb 2009","Arrival","Domestic","Mail","1,391"
"2020 Aug 27 07:15:54 AM","Jul 2020","Arrival","International","Freight","82,566"
"2018 Apr 18 03:12:41 PM","Sep 2007","Arrival","International","Freight","60,147"
"2018 Apr 18 03:12:41 PM","Nov 2013","Departure","Domestic","Mail","2,413"
"2018 Apr 18 03:12:41 PM","Jan 2006","Departure","International","Mail","971"
"2018 Apr 18 03:12:41 PM","Mar 2009","Arrival","Domestic","Freight","25,639"
"2018 Apr 18 03:12:41 PM","Apr 2014","Departure","Domestic","Mail","2,214"
"2018 Apr 18 03:12:41 PM","Aug 2017","Departure","International","Mail","929"
"2018 Apr 18 03:12:41 PM","Oct 2007","Arrival","International","Freight","62,388"
"2018 Apr 18 03:12:41 PM","Feb 2016","Arrival","Domestic","Mail","2,089"
"2018 Apr 18 03:12:41 PM","Jan 2014","Departure","International","Freight","37,733"
"2018 Apr 18 03:12:41 PM","Jul 2014","Arrival","Domestic","Mail","1,721"
"2019 May 28 06:24:45 AM","Apr 2019","Arrival","International","Mail","1,399"
"2019 Apr 29 01:10:30 PM","Mar 2019","Departure","Domestic","Freight","38,881"
"2018 Apr 18 03:12:41 PM","Feb 2013","Arrival","International","Freight","43,503"
"2018 Apr 18 03:12:41 PM","Aug 2007","Departure","Domestic","Freight","38,348"
"2018 Apr 18 03:12:41 PM","Feb 2009","Departure","Domestic","Mail","1,928"
"2019 Apr 29 01:10:30 PM","Dec 2018","Arrival","International","Freight","73,069"
"2018 Apr 18 03:12:41 PM","Apr 2007","Arrival","Domestic","Freight","34,697"
"2018 Apr 18 03:12:41 PM","Oct 2008","Arrival","International","Mail","747"
"2020 Aug 03 07:35:04 AM","Jun 2020","Departure","International","Freight","45,290"
"2018 Apr 18 03:12:41 PM","Jun 2013","Departure","International","Freight","44,711"
"2018 Apr 18 03:12:41 PM","Jun 2016","Arrival","Domestic","Mail","2,257"
"2018 Apr 18 03:12:41 PM","Jan 2014","Departure","International","Mail","1,149"
"2018 Apr 18 03:12:41 PM","Apr 2012","Arrival","Domestic","Mail","2,017"
"2018 Apr 18 03:12:41 PM","Jun 2006","Departure","Domestic","Freight","41,203"
"2019 Jul 26 08:10:48 AM","Jun 2019","Arrival","International","Freight","70,904"
"2018 Apr 18 03:12:41 PM","Apr 2015","Departure","Domestic","Freight","34,782"
"2018 Apr 18 03:12:41 PM","Feb 2012","Departure","International","Freight","39,297"
"2018 Apr 18 03:12:41 PM","Jul 2017","Arrival","International","Mail","1,543"
"2018 Apr 18 03:12:41 PM","Dec 2011","Departure","International","Freight","38,754"
"2018 Apr 18 03:12:41 PM","Jun 2010","Departure","International","Freight","38,315"
"2018 Apr 18 03:12:41 PM","Sep 2007","Departure","International","Freight","36,072"
"2018 Apr 18 03:12:41 PM","Mar 2017","Departure","International","Mail","849"
"2020 Apr 08 09:58:08 AM","Feb 2020","Departure","Domestic","Mail","4,716"
"2018 Aug 21 11:02:45 AM","Jul 2018","Arrival","Domestic","Freight","28,991"
"2018 Apr 18 03:12:41 PM","Nov 2008","Departure","International","Freight","29,016"
"2018 Apr 18 03:12:41 PM","Nov 2017","Departure","Domestic","Mail","3,745"
"2019 Jul 18 06:18:08 AM","Jun 2019","Arrival","Domestic","Mail","3,691"
"2018 Apr 18 03:12:41 PM","Apr 2009","Arrival","Domestic","Freight","26,036"
"2018 May 23 07:44:39 AM","Apr 2018","Departure","Domestic","Mail","3,224"
"2018 Apr 18 03:12:41 PM","Feb 2017","Arrival","International","Freight","50,492"
"2018 Apr 18 03:12:41 PM","Apr 2012","Arrival","Domestic","Freight","28,691"
"2018 Apr 18 03:12:41 PM","Sep 2014","Departure","Domestic","Mail","2,128"
"2019 Apr 29 01:10:30 PM","Feb 2018","Departure","International","Freight","45,643"
"2018 Apr 18 03:12:41 PM","Sep 2008","Departure","Domestic","Freight","30,407"
"2018 Apr 18 03:12:41 PM","Apr 2011","Arrival","Domestic","Mail","1,653"
"2018 Apr 18 03:12:41 PM","Jul 2015","Arrival","International","Mail","1,049"
"2018 Apr 18 03:12:41 PM","Dec 2009","Arrival","International","Freight","50,852"
"2018 Apr 18 03:12:41 PM","Aug 2016","Departure","International","Mail","3,441"
"2021 Feb 02 08:17:02 AM","Dec 2020","Departure","Domestic","Freight","42,997"
"2018 Apr 18 03:12:41 PM","Nov 2011","Arrival","International","Mail","632"
"2018 Apr 18 03:12:41 PM","Mar 2015","Departure","International","Mail","1,764"
"2018 Apr 18 03:12:41 PM","Jun 2009","Departure","Domestic","Freight","29,772"
"2018 Apr 18 03:12:41 PM","Dec 2006","Arrival","International","Mail","1,309"
"2018 Apr 18 03:12:41 PM","Oct 2007","Departure","International","Mail","1,159"
"2018 Apr 18 03:12:41 PM","Apr 2010","Departure","International","Freight","33,047"
"2018 Apr 18 03:12:41 PM","Jan 2015","Arrival","International","Mail","948"
"2018 Oct 29 10:20:51 AM","Sep 2018","Departure","Domestic","Mail","3,144"
"2018 Jul 11 02:24:22 PM","May 2018","Departure","Domestic","Freight","39,225"
"2018 Apr 18 03:12:41 PM","Feb 2007","Departure","Domestic","Mail","1,739"
"2018 Apr 18 03:12:41 PM","Jul 2010","Departure","International","Mail","1,624"
"2019 Apr 29 01:10:30 PM","Sep 2018","Departure","International","Freight","54,284"
"2018 Apr 18 03:12:41 PM","Apr 2011","Arrival","Domestic","Freight","27,844"
"2020 Apr 08 09:58:08 AM","Feb 2020","Arrival","International","Freight","46,410"
"2018 Apr 18 03:12:41 PM","Apr 2013","Departure","International","Freight","38,001"
"2018 Apr 18 03:12:41 PM","Apr 2016","Arrival","Domestic","Freight","29,862"
"2018 Apr 18 03:12:41 PM","Oct 2008","Departure","Domestic","Mail","2,152"
"2019 Sep 27 07:57:24 AM","Aug 2019","Arrival","International","Mail","1,237"
"2018 Apr 18 03:12:41 PM","Jun 2015","Arrival","Domestic","Freight","28,286"
"2018 Apr 18 03:12:41 PM","Mar 2012","Arrival","Domestic","Mail","1,989"
"2019 Aug 23 03:41:00 PM","Jul 2019","Arrival","Domestic","Mail","3,590"
"2018 Apr 18 03:12:41 PM","Nov 2008","Arrival","International","Mail","792"
"2018 Aug 21 11:02:45 AM","Jul 2018","Arrival","Domestic","Mail","2,513"
"2020 Jan 22 06:57:11 AM","Dec 2019","Arrival","Domestic","Mail","5,211"
"2018 Apr 18 03:12:41 PM","Sep 2015","Departure","Domestic","Mail","2,509"
"2018 Apr 18 03:12:41 PM","Jul 2009","Arrival","International","Freight","41,770"
"2018 Apr 18 03:12:41 PM","Oct 2014","Arrival","Domestic","Mail","2,211"
"2018 Apr 18 03:12:41 PM","Oct 2014","Arrival","International","Mail","904"
"2018 Apr 18 03:12:41 PM","Nov 2009","Arrival","International","Mail","792"
"2018 Apr 18 03:12:41 PM","Dec 2015","Departure","International","Mail","1,534"
"2018 Apr 18 03:12:41 PM","Nov 2010","Departure","Domestic","Freight","31,772"
"2018 Apr 18 03:12:41 PM","Mar 2014","Arrival","Domestic","Freight","29,729"
"2018 Apr 18 03:12:41 PM","Sep 2015","Arrival","Domestic","Freight","29,198"
"2018 Apr 18 03:12:41 PM","Nov 2016","Departure","Domestic","Mail","3,104"
"2018 May 23 07:44:39 AM","Apr 2018","Arrival","Domestic","Freight","26,395"
"2019 Nov 10 06:01:31 AM","Sep 2019","Arrival","International","Freight","71,677"
"2018 Oct 29 10:20:51 AM","Sep 2018","Arrival","Domestic","Freight","29,069"
"2018 Apr 18 03:12:41 PM","Nov 2016","Arrival","International","Freight","73,511"
"2018 Apr 18 03:12:41 PM","Dec 2007","Arrival","International","Freight","52,981"
"2018 Apr 18 03:12:41 PM","Aug 2012","Departure","Domestic","Mail","2,582"
"2018 Sep 26 09:27:08 AM","Aug 2018","Departure","Domestic","Freight","38,477"
"2019 Jan 30 07:34:09 AM","Dec 2018","Arrival","International","Mail","1,870"
"2018 Apr 18 03:12:41 PM","Jul 2016","Arrival","International","Freight","62,541"
"2018 Apr 18 03:12:41 PM","Jan 2012","Departure","International","Mail","1,992"
"2018 Apr 18 03:12:41 PM","Mar 2007","Departure","Domestic","Mail","2,279"
"2018 Apr 18 03:12:41 PM","Jun 2012","Arrival","International","Freight","49,513"
"2018 Apr 18 03:12:41 PM","Oct 2006","Departure","Domestic","Freight","41,338"
"2018 Apr 18 03:12:41 PM","Feb 2008","Arrival","Domestic","Freight","30,279"
"2018 Apr 18 03:12:41 PM","Feb 2014","Departure","International","Freight","36,336"
"2018 Apr 18 03:12:41 PM","May 2012","Departure","International","Freight","41,986"
"2018 Apr 18 03:12:41 PM","Dec 2011","Arrival","Domestic","Mail","2,130"
"2018 Apr 18 03:12:41 PM","Aug 2017","Departure","Domestic","Mail","3,501"
